Column1,Column2
ham,"  여성 남성 잡화/슈즈 골프/스포츠 아울렛
    LFmall 앱 다운로드
앱 다운로드 후 특별한 혜택을 누려보세요!
상품가격은 메일 오픈 시점 및 당사 사정에 따라 변경 될 수 있습니다.
본 메일은 회원님의 메일 수신 동의하에 발송 되었습니다.
이메일 수신을 더 이상 원하지 않으시는 회원님은 수신거부 를 클릭해 주시기 바랍니다. 단, 시스템 적용으로 2~3일 소요될 수 있으므로, 수신거부일로 부터 2~3일내에 메일이 발송된 경우 양해 부탁드립니다.
If you don't want to receive this e-mail anymore, Please click here.
본 메일은 발신전용 메일 입니다. 문의는 고객센터를 이용해 주세요.
사업자등록번호 : 211-87-87724 I 통신판매업신고 : 제 2010-서울강남-00066호 I 개인정보 보호책임자 : 강승훈 I 청소년 보호책임자 : 이재익 I 대표전화: 1544-5114 I 팩스: 031-360-0004 서울 강남구 언주로 870 (주)LF 대표이사 오규식, 온라인사업총괄 도한준
COPYRIGHT? (주)LF. ALL RIGHTS RESERVED."
ham,"  여성 남성 잡화/슈즈 골프/스포츠 아울렛
    LFmall 앱 다운로드
앱 다운로드 후 특별한 혜택을 누려보세요!
상품가격은 메일 오픈 시점 및 당사 사정에 따라 변경 될 수 있습니다.
본 메일은 회원님의 메일 수신 동의하에 발송 되었습니다.
이메일 수신을 더 이상 원하지 않으시는 회원님은 수신거부 를 클릭해 주시기 바랍니다. 단, 시스템 적용으로 2~3일 소요될 수 있으므로, 수신거부일로 부터 2~3일내에 메일이 발송된 경우 양해 부탁드립니다.
If you don't want to receive this e-mail anymore, Please click here.
본 메일은 발신전용 메일 입니다. 문의는 고객센터를 이용해 주세요.
사업자등록번호 : 211-87-87724 I 통신판매업신고 : 제 2010-서울강남-00066호 I 개인정보 보호책임자 : 강승훈 I 청소년 보호책임자 : 이재익 I 대표전화: 1544-5114 I 팩스: 031-360-0004 서울 강남구 언주로 870 (주)LF 대표이사 오규식, 온라인사업총괄 도한준
COPYRIGHT? (주)LF. ALL RIGHTS RESERVED."
ham,"네이버페이로
결제하신 내역입니다.
고객명 우*우님
결제번호 20230507NP5872439644
결제일자 2023.05.07 16:55
결제정보
가맹점명 투썸플레이스 송파잠실H타워점
총 결제 금액 4,500원
ㄴ 상품금액 4,500원
결제수단 네이버페이 포인트·머니
ㄴ 페이머니 사용 4,464원
ㄴ 페이포인트 사용 36원
최종결제금액 4,500원
- 결제 내역은 [페이홈 > 결제내역 > 현장결제]에서 확인 가능합니다.
네이버페이 홈
본 메일은 발신전용입니다.
상품의 배송/반품/교환/취소/환불 문의는 판매자에게 문의하시면 더 빠르고 정확한 처리가 가능합니다.
네이버파이낸셜(주)은 결제정보의 중개자 또는 통신판매중개자이며 통신판매의 당사자가 아닙니다.
상품의 주문, 배송, 환불 등과 관련된 의무와 책임은 판매자에게 있습니다.
네이버페이 이용 관련 제안사항이나 불편 신고는 고객센터를 이용해 주세요.
네이버페이 이용약관 l 청약철회 등에 관한 사항 l 개인정보 처리방침
Copyright ⓒ NAVER FINANCIAL Corp. All Rights Reserved."
spam,"주의
스팸 분류 이유 : 스팸 필터에 의한 자동 차단
주의
피해를 줄 수 있는 이미지, 악성 코드를 포함할 수 있는 링크를 표시하지 않습니다.이미지, 링크 표시하기
출발 언어
일본어
도착 언어
한국어번역하기
?啓、
この度は、弊社よりご利用いただいているAmazonプライムについて、重要なお知らせがございます。
お客?のAmazonプライム?員資格につきまして、現在自動更新の設定がされているため、?員資格が自動的に更新される予定です。ただし、自動更新された場合には、更新料金が?生いたします。
お客?のご都合に合わせて、自動更新設定を解除することが可能です。以下のリンクをクリックして、手?きを進めてください。
[自動更新設定解除の手?きを行う]
手?きの前に、以下の点についてご確認ください。
自動更新設定を解除した場合、現在の?員資格が期限切れとなると、以降はAmazonプライムの特典が利用できなくなります。
手?きを完了する前に、お客?のクレジットカ?ド情報が正しく登?されていることをご確認ください。
なお、自動更新設定を解除しても、?員資格の期限?に解約されない場合は、?員資格が自動更新されない限り、引き?き?員資格をお持ちいただけます。
何かご不明な点がございましたら、お??にお問い合わせください。
敬具、
Amazonカスタマ?サポ?ト"
ham,"출발 언어
영어
도착 언어
한국어번역하기
If you blink you might miss it.
If you blink you might miss it.
It’s short, it’s sweet, and it can’t last forever. Get up to 75% off these sale styles now while you still can.
SHOP MEN
SHOP WOMEN
SHOP KIDS
SHOP ALL SALE
Online only. Discount auto-applied at checkout.
YOU'LL LOVE THESE
MEN
WOMEN
KIDS
SALE
BECOME A LEVI’S® RED TAB™ MEMBER
Read Our Blog
|
Store Locator
|
Customer Service
DOWNLOAD OUR APP
Up To 75% off Sale Styles. After an extra 50% off is Auto-applied at checkout.
Offer ends on 5/7/23 at 11:59pm PST.

Shop All: HERE

Receive up to 75% off sale styles, after an extra 50% off is automatically applied to your cart at checkout. Sale styles only. Online exclusive. Entire order must be shipped to a single address and customer is responsible for shipping costs of returned merchandise. Discount excludes taxes, gift certificates, gift wrap and packaging/shipping charges. No adjustments on previous purchases. This offer is valid only at levi.com/US/en_US/ and may not be combined with another offer. Only one promo per order will be accepted. LS&Co. reserves the right to modify or terminate this offer at any time without notice.
To ensure you receive our emails, please add levis@e.levi.com to your address book.
Privacy Policy Subscribe Get Help Unsubscribe

  Levi Strauss & Co., 1155 Battery Street,
San Francisco, California 94111, United States of America"
ham,
ham,"주의
스팸 분류 이유 : 수신 차단된 주소
실수로 스팸신고한 경우 스팸해제를 선택해 주세요.스팸해제하기
주의
피해를 줄 수 있는 이미지, 악성 코드를 포함할 수 있는 링크를 표시하지 않습니다.이미지, 링크 표시하기














메일을 원하지 않으실 경우 [수신거부]를 클릭해 주세요.
If you don't want this type of information or e-mail, please [click here].
메가쇼 사무국
T. 02-6677-3477 F. 02-6677-0477 E. megashow@megashow.co.kr
경기도 남양주시 다산순환로 20 다산현대프리미어캠퍼스 A동 640호"
ham,"안녕하세요. 강남대학교 창의융합교육센터 입니다.
진로 맞춤형 i-로드맵이 2023.04.25.(화) 부터 시작하였으니,
신입생 및 재학생 여러분께서는 하단 공지사항 url 확인 및 많은 참여 부탁드립니다.
 url :
https://web.kangnam.ac.kr/menu/board/info/f19069e6134f8f8aa7f689a4a675e66f.do?scrtWrtiYn=false&encMenuSeq=c5dc4b1d7b4dd402e5e6a7a8471eb55c&encMenuBoardSeq=e8cf23b11f427f43b9b7d26aa98a7ca0
 감사합니다.
강남대학교 창의융합교육센터
031-280-3193, kyh@kangnam.ac.kr"
ham,"  여성 남성 잡화/슈즈 골프/스포츠 아울렛
    LFmall 앱 다운로드
앱 다운로드 후 특별한 혜택을 누려보세요!
상품가격은 메일 오픈 시점 및 당사 사정에 따라 변경 될 수 있습니다.
본 메일은 회원님의 메일 수신 동의하에 발송 되었습니다.
이메일 수신을 더 이상 원하지 않으시는 회원님은 수신거부 를 클릭해 주시기 바랍니다. 단, 시스템 적용으로 2~3일 소요될 수 있으므로, 수신거부일로 부터 2~3일내에 메일이 발송된 경우 양해 부탁드립니다.
If you don't want to receive this e-mail anymore, Please click here.
본 메일은 발신전용 메일 입니다. 문의는 고객센터를 이용해 주세요.
사업자등록번호 : 211-87-87724 I 통신판매업신고 : 제 2010-서울강남-00066호 I 개인정보 보호책임자 : 강승훈 I 청소년 보호책임자 : 이재익 I 대표전화: 1544-5114 I 팩스: 031-360-0004 서울 강남구 언주로 870 (주)LF 대표이사 오규식, 온라인사업총괄 도한준
COPYRIGHT? (주)LF. ALL RIGHTS RESERVED."
ham,"                                                                                                                                                                                                                                                                                                                                                                                                                이런 점이 궁금하셨다면 리포트를 읽어보세요
롯데·신세계·현대·갤러리아, 백화점 브랜드 이용률·만족도 순위는? (p. 16, 34)
명품·의류·식당가? 소비자가 백화점에서 가장 많이 찾는 매장 어딜까 (p. 21)
친근한 롯데 vs. 고급스러운 신세계, 백화점 브랜드별 이미지 차이 살펴보기 (p. 33)
트렌드 리포트 보기
  그 자체로 콘텐츠인 요즘 백화점,
소비자의 이용법은?

여러분은 언제 백화점을 찾으시나요? 오늘날 백화점은 쇼핑을 넘어 외식·엔터테인먼트·휴식 공간입니다. 주요 백화점들은 팝업스토어·자체 편집숍 등 저마다 다채로운 경험을 기획하며 소비자의 발걸음을 이끌고 있죠. 백화점이 그 자체로 즐길 거리이자 콘텐츠가 된 겁니다.

그 덕일까요? 백화점들이 지난해 역대 최대 매출을 달성했습니다. 신세계는 8분기 연속 최대 매출을 경신했고, 롯데는 3년 만에 연 매출 3조 원을 넘겼다고 하죠. 외부 활동이 늘었다고는 하지만, 경기 불황과 온라인 쇼핑의 시대에 놀라운 성장입니다. 이에 오픈서베이는 최근 백화점 시장 현황 전반을 살펴볼 수 있는 리포트를 발행했습니다. 전반적인 백화점 이용 행태부터 브랜드별 평가까지, 리포트에서 자세한 내용을 살펴보세요.
  더 많은 자료를 살펴보세요
네이버 크림 성장하고 브랜디 흔들리고, 2023 패션 앱 순위 분석 (링크)
엔데믹·고물가 등 시장 불황에도 배달의민족만 성장한 이유 (링크)
성공적인 UX 리서치를 위해 리서처가 주의해야 할 4가지 (링크)
  ??? 뉴스레터 구독하기
?? 오픈서베이 서비스 더 알아보기
    오픈서베이 팀

data@opensurvey.co.kr

서울특별시 강남구 강남대로84길 13 KR타워 12~15층 | Tel) 02-2070-2164




￣￣￣


오픈서베이 메일을 더 이상 받아보고 싶지 않으시다면 여기를 클릭해주세요.

If you don't want to receive this e-mail, Please click here.

?Opensurvey Inc.
 "
ham,"주의
스팸 분류 이유 : 스팸 자동이동 사용
스팸 설정 변경은 PC 환경설정에서 가능합니다.
주의
피해를 줄 수 있는 이미지, 악성 코드를 포함할 수 있는 링크를 표시하지 않습니다.이미지, 링크 표시하기
식당, 카페, 대형마트, 온라인 등 물건을 구매하거나 매장/사이트를 방문한 뒤
만족도 조사에 참여한 경험이 있다면 손을 들어주세요?

설문에 참여하면서 이런 생각해 보신 적 있으신가요?
?? ‘가독성이 안좋아서 질문 내용이 눈에 잘 안들어오는군…’
?? ‘평소 브랜드 이미지와 전혀 다른 느낌의 설문이라 어색한걸?’
?? ‘설문을 좀 더 예쁘게 만들 수 없을까?’

우리 브랜드의 고객도 아마 그렇게 생각할 거예요.

오픈서베이의 경험 관리 설문 플랫폼 ‘피드백(Feedback.io)’ 에서는 브랜드 담당자와 응답자가 모두 만족하는 예쁜 폼 설문을 만들 수 있습니다. 벌써 1,500개 팀이 브랜드다움을 잃지 않는 설문을 만들어 고객의 의견을 수집하고 있습니다. 

피드백을 활용해서 우리 브랜드 이미지를 반영한 설문을 만들고 피드백 팀에게 공유해 주세요. 가장 멋진 폼을 제출한 분께는 500만원에 상당하는 피드백 Pro 플랜 무료 이용 혜택을 제공합니다(1년).
?? 폼꾸미기 대회 이벤트 상세 내용 보러가기
?? 폼꾸미기 대회 이벤트 개요
?? 참여 대상 : 멋진 설문(폼)을 만들고 싶은 모든 사람! 
??? 응모 기간 : 23년 5월 08일 (월요일) ~ 23년 5월 19일 (금요일)
? 참여 방법 
      ① 피드백 홈페이지에 로그인 해주세요.      
      ② 이벤트 상세 참여 방법을 참고하여 폼꾸미기 실력을 뽐내주세요.      
      ③ 예쁘게 꾸민 설문의 공유용 링크를 복사한 뒤 제출해 주세요.      
            *자세한 사항은 여기에 접속 후 확인해 주세요!
?? 상품
    ? 폼꾸 최우수상 (1팀) : 피드백 Pro 플랜 연간구독권 (500만원 상당)
    ? 폼꾸 우수상 (3팀) : 피드백 Essential 플랜 연간구독권 (150만원 상당) 
        * 수상작은 이벤트 참여자 분들을 대상으로 23년 5월 31일 (수요일) 중 공지될 예정입니다.
?문의 | hello@feedback.io
이벤트와 관련한 궁금한 점은 메일로 남겨주세요.
??주의 사항
1인 당 출품 횟수 제한은 따로 없습니다. 다양한 설문을 자유롭게 제작해 주세요!
이벤트 출품 설문은 문항 수를 최소 5개 이상 생성해 주셔야 합니다. 최대 문항 개수 제한은 없습니다.
이벤트 참여 사례는 추후 오픈서베이의 보도자료/홍보성 콘텐츠 등에 홍보 및 활용될 수 있습니다. 
이벤트 참여를 위해 제출해주시는 폼(설문)은 당선작 공지 및 블로그 콘텐츠에 공개될 수 있으니 외부 유출이 어렵거나, 보안이 중요한 주제 선정은 가급적 지양해 주시기 바랍니다.
이벤트 상품으로 제공되는 피드백 플랜 이용 권한은 제공일로부터 1년으로 고정되어 있으며, 이용 기한을 선택할 수 없습니다.
  오픈서베이 피드백 팀

hello@feedback.io

서울특별시 강남구 강남대로84길 13 KR타워 12~15층 | Tel) 02-2070-2164

홈페이지 | 블로그



￣￣￣


오픈서베이 메일을 더 이상 받아보고 싶지 않으시다면 여기를 클릭해주세요.

If you don't want to receive this e-mail, Please click here.

?Opensurvey Inc.
 "
ham,"  여성 남성 잡화/슈즈 골프/스포츠 아울렛
    LFmall 앱 다운로드
앱 다운로드 후 특별한 혜택을 누려보세요!
상품가격은 메일 오픈 시점 및 당사 사정에 따라 변경 될 수 있습니다.
본 메일은 회원님의 메일 수신 동의하에 발송 되었습니다.
이메일 수신을 더 이상 원하지 않으시는 회원님은 수신거부 를 클릭해 주시기 바랍니다. 단, 시스템 적용으로 2~3일 소요될 수 있으므로, 수신거부일로 부터 2~3일내에 메일이 발송된 경우 양해 부탁드립니다.
If you don't want to receive this e-mail anymore, Please click here.
본 메일은 발신전용 메일 입니다. 문의는 고객센터를 이용해 주세요.
사업자등록번호 : 211-87-87724 I 통신판매업신고 : 제 2010-서울강남-00066호 I 개인정보 보호책임자 : 강승훈 I 청소년 보호책임자 : 이재익 I 대표전화: 1544-5114 I 팩스: 031-360-0004 서울 강남구 언주로 870 (주)LF 대표이사 오규식, 온라인사업총괄 도한준
COPYRIGHT? (주)LF. ALL RIGHTS RESERVED."
ham,"아래 배너를 클릭하면 더 많은 업계 이슈를 볼 수 있어요 ??   
??목차??
1??취준생 꿀팁 콘텐츠
면접보고 깨달은 면접 시그널 5가지
'대졸 신입'이 스타트업과 함께 일하는 법
받은 만큼만 일한다는 요즘 세대
한국PR협회, 대학생 PR 위원회 2기 모집
2??5월 2째주 트렌드
당신은 ChatGPT를 잘못 사용하고 있습니다
머리 속 생각 읽는 AI 나왔다
세상에 없던 힙한 브라우저의 등장 ‘아크(Arc)’
쿠팡이 '공간 색인'으로 로켓배송 개선한 방법
3??으에에에에엑님만 안 본 서플 콘텐츠
MZ세대가 ‘온라인 선물하기’를 활용하는 이유
고3이 7천만원 정부지원 선정된 아이템 이야기 
이런 말 하는 선배 어떰?
국내 1%급 탕비실이래
??면접보고 깨달은 면접 시그널 5가지
??'대졸신입'이 스타트업과 함께 일하는 법
??받은 만큼만 일한다는 요즘 세대
??한국PR협회, 대학생 PR 위원회 2기 모집
??당신은 ChatGPT를 잘못 사용하고 있습니다
??머리 속 생각 읽는 AI 나왔다
??세상에 없던 힙한 브라우저의 등장 ‘아크(Arc)’
??쿠팡이 '공간 색인'으로 로켓배송 개선한 방법
??MZ세대가 ‘온라인 선물하기’를 활용하는 이유
??고3이 7천만원 정부지원 선정된 아이템 이야기
??이런 말 하는 선배 어떰?
??국내 1%급 탕비실이래

한층 더 똑똑해진 으에에에에엑님,
당신의 성장을 도와드릴게요.
??서플로 놀러오세요!??
??하루 첫 시작을 서플과 함께??

내 직무 사람들이 보는 콘텐츠 나도 보기
누르시면 마음이 찢어져용ㅠㅠ
나중에 우리 다시 만나기로...ㅜ♡ㅜ
수신거부 Unsubscribe"
ham,"  여성 남성 잡화/슈즈 골프/스포츠 아울렛
    LFmall 앱 다운로드
앱 다운로드 후 특별한 혜택을 누려보세요!
상품가격은 메일 오픈 시점 및 당사 사정에 따라 변경 될 수 있습니다.
본 메일은 회원님의 메일 수신 동의하에 발송 되었습니다.
이메일 수신을 더 이상 원하지 않으시는 회원님은 수신거부 를 클릭해 주시기 바랍니다. 단, 시스템 적용으로 2~3일 소요될 수 있으므로, 수신거부일로 부터 2~3일내에 메일이 발송된 경우 양해 부탁드립니다.
If you don't want to receive this e-mail anymore, Please click here.
본 메일은 발신전용 메일 입니다. 문의는 고객센터를 이용해 주세요.
사업자등록번호 : 211-87-87724 I 통신판매업신고 : 제 2010-서울강남-00066호 I 개인정보 보호책임자 : 강승훈 I 청소년 보호책임자 : 이재익 I 대표전화: 1544-5114 I 팩스: 031-360-0004 서울 강남구 언주로 870 (주)LF 대표이사 오규식, 온라인사업총괄 도한준
COPYRIGHT? (주)LF. ALL RIGHTS RESERVED."
ham,"  여성 남성 잡화/슈즈 골프/스포츠 아울렛
    LFmall 앱 다운로드
앱 다운로드 후 특별한 혜택을 누려보세요!
상품가격은 메일 오픈 시점 및 당사 사정에 따라 변경 될 수 있습니다.
본 메일은 회원님의 메일 수신 동의하에 발송 되었습니다.
이메일 수신을 더 이상 원하지 않으시는 회원님은 수신거부 를 클릭해 주시기 바랍니다. 단, 시스템 적용으로 2~3일 소요될 수 있으므로, 수신거부일로 부터 2~3일내에 메일이 발송된 경우 양해 부탁드립니다.
If you don't want to receive this e-mail anymore, Please click here.
본 메일은 발신전용 메일 입니다. 문의는 고객센터를 이용해 주세요.
사업자등록번호 : 211-87-87724 I 통신판매업신고 : 제 2010-서울강남-00066호 I 개인정보 보호책임자 : 강승훈 I 청소년 보호책임자 : 이재익 I 대표전화: 1544-5114 I 팩스: 031-360-0004 서울 강남구 언주로 870 (주)LF 대표이사 오규식, 온라인사업총괄 도한준
COPYRIGHT? (주)LF. ALL RIGHTS RESERVED."
spam,"주의
이 메일은 [amazon.co.jp]을 통해 발송된 메일이 아닙니다.
보낸 사람의 주소가 실제 발송 주소와 다를 수 있으니 주의하시기 바랍니다.자세히 보기
주의
스팸 분류 이유 : 스팸 필터에 의한 자동 차단
주의
피해를 줄 수 있는 이미지, 악성 코드를 포함할 수 있는 링크를 표시하지 않습니다.이미지, 링크 표시하기
출발 언어
일본어
도착 언어
한국어번역하기
    お支?方法に問題があり、プライム特典をご利用いただけない?況です。
Amazon お客?

Amazonプライムをご利用いただきありがとうございます。 

ご指定いただいたお客?のお支?い方法が承認されないため、Amazonプライム無料??をご利用いただけません。Amazonプライム無料??は無料ですが、ご登?の際には適用可能なお支?い方法を確認させていただきます。これは、ご登?時にご同意いただいたように、無料??期間の終了時に自動的に有料?員期間へ移行する際に、?員費を請求させていただくためです。 

30日以?に、アマゾンからの請求へのお支?いが確認できない限り、お客?のAmazonプライムの登?はキャンセルされ、無料??はご利用いただけなくなります。
他の有?な支?方法を更新?追加し、Amazonプライムの特典をご利用されたい場合は、以下の手順に?って更新してください。
支?方法を更新する
お客?のお支?い方法にアクセスAmazonプライムに登?したAmazon.co.jpのアカウントを使用してサインイン
登??みのお支?手段の有?期限を更新、または新しく支?い手段を追加し、「?行」ボタンをクリック
現在ご指定のお支?い方法が承認されない原因は、提携?社(クレジットカ?ド?社等)の事情により異なりますが、利用可能限度額の超過、有?期限切れ、カ?ド利用不可などが考えられます。大?お手?ですが詳細についてはサ?ビスの提供元?社に直接お問い合わせください。

Amazon.co.jpをご利用いただき、ありがとうございます。 
今後ともAmazon.co.jpをよろしくお願いいたします。 

Amazon.co.jpカスタマ?サ?ビス

タイムセ?ル               プライム特典               アカウント  ヘルプ
? 2021 Amazon.com, Inc. or its affiliates. All rights reserved. Amazon,
Amazon.co.jp, Amazon Prime, Prime およびAmazon.co.jp のロゴは Amazon.com, Inc.ま たはその?連?社の商標です。
Amazon.com, 410 Terry Avenue N., Seattle CS, WA 98109-5210"
ham,"첨부 1개
전체 용량
2MB
첨부 파일 펼침
모두저장
이미지로 보기
주의
파일 저장 시 바이러스 검사 자동 수행
ESM 학술제
.pptx
2.4MB
기한일
제한없음
첨부파일 미리보기
다운로드
MYBOX 저장
삭제"
ham,"첨부 1개
전체 용량
3MB
첨부 파일 펼침
모두저장
이미지로 보기
주의
파일 저장 시 바이러스 검사 자동 수행
카카오톡 2023-05-09 18-04-37
.mp4
2.7MB
기한일
제한없음
다운로드
MYBOX 저장
삭제"
ham,"네이버페이로
결제하신 내역입니다.
고객명 우*우님
결제번호 20230509NP5887568649
결제일자 2023.05.09 21:00
결제정보
가맹점명 배스킨라빈스분당중탑점
총 결제 금액 7,000원
ㄴ 상품금액 7,000원
결제수단 네이버페이 포인트·머니
ㄴ 페이머니 사용 6,752원
ㄴ 페이포인트 사용 248원
최종결제금액 7,000원
- 결제 내역은 [페이홈 > 결제내역 > 현장결제]에서 확인 가능합니다.
네이버페이 홈
본 메일은 발신전용입니다.
상품의 배송/반품/교환/취소/환불 문의는 판매자에게 문의하시면 더 빠르고 정확한 처리가 가능합니다.
네이버파이낸셜(주)은 결제정보의 중개자 또는 통신판매중개자이며 통신판매의 당사자가 아닙니다.
상품의 주문, 배송, 환불 등과 관련된 의무와 책임은 판매자에게 있습니다.
네이버페이 이용 관련 제안사항이나 불편 신고는 고객센터를 이용해 주세요.
네이버페이 이용약관 l 청약철회 등에 관한 사항 l 개인정보 처리방침
Copyright ⓒ NAVER FINANCIAL Corp. All Rights Reserved."
ham,"대학생 으에에에에엑님을 위한
??오늘의 링커리어 뉴스레터 순서??

1. ??오늘의 대학생 트렌드
     ""돌려말하는 면접 대답은 이렇게 하세요""
2. ??혜택 빵빵 대기업 대외활동 공고
     ""SK Hy-Po 外 대외활동 공고""
3. ??취업 우대있는 대외활동 합격후기
     ""게임 세계에 들어온듯 했던 수료식.jpg""
     ""월300만원 주는 SK 대외활동이 있다고?!""
4. ??링커리어 인기글
     ""현시각 대학교 축제 라인업.jpg""
     ""요기요 인턴 업무가 맛집 탐방임""
??면접관 질문에 담긴 숨은 의미

 안녕 으에에에에엑님! 면접 시즌이 다가왔어!
면접 직전에 이것만 보고가면 반은 성공한다는데??
오늘은 면접관들이 보내는 우회적인 언어를 알려줄게!

“밥은 먹고 왔어요?”
지원자의 긴장을 풀어주기 위해 하는 말도
사실은 인성을 보기 위함이라는 거!
올바른 답변과 더 많은 의미가 궁금하면 여기를 클릭해봐!

면접관 질문에 담긴 숨은 의미
??월 300만원 교육비 주는!
[SK하이닉스] Hy-Po 3기 (~5/22)
지원하기
??온라인으로하는 인기 대외활동!
[대학내일] 제트워크 시즌 10 (~5/12)
지원하기
??웰컴키트&활동비 다~ 드려요
[삼성전자] 컴패니언즈 1기 (~5/16)
지원하기
??활동하면 해외 탐방 시켜드림!
[보건복지부] 금연 서포터즈 17기 (~5/15)
지원하기
??170만원&숙박비 드려요!
[현대차정몽구재단] 봉사단 (~5/17)
지원하기
??대외활동 초보자에게 추천하는 활동입니다!
      복지 맛집 대학내일의 대외활동인 대학내일 제트워크 !!
현재 5월 12일까지 제트워크 10기를 모집하고 있어??
약 300명 선발에 우수 멤버에게는 시상, 상금까지 준다하고 하니 다들 얼른 지원 ㄱ ㄱ !

 오늘은 제트워크 시즌 6 선배의 후기를 가져왔어!
선배 피셜 합격부터 활동까지 난이도가 높지 않은 편이라 입문 활동으로 추천한다고 해??

다양한 SNS 활용을 토대로 한 트렌디함이 합격 팁이라고..??
활동 열심히 하고 수료하면 주는 제트워크만의 카드가 있다는데?!
이게 뭔지 궁금하면 여기로 들어와 ??
제트워크 활동 후기
??이게 대외활동인지 SK 공채인지..
    현재 SK 하이닉스 청년 Hy-Po 3기를 5월 22일까지 모집하고 있어!
SK 하이닉스 현직자 교육, 월 최대 316만원 교육비 지급 등등 어마어마한 혜택의 SK 하이포!

 하이포 1기 선배 피셜 SK 하이닉스 공채 자소서를 꼭 보고 가야한다고 해??
이를 기반으로 누구나 할 수 있는 OO을 자소서에 풀어내는게 좋다는데?!

 역대급 난이도인 ‘이’ 질문 때문에 면접에서 당황한 선배..??
속으로 “그럼 어쩌라고” 만 반복했다고..!? 사건의 전말이 궁금하면 여기로 들어와??
SK 하이닉스 Hy-Po 활동후기
??현시각 대학교 축제 라인업.jpg
??요기요 인턴 업무가 맛집 탐방임
??캠프 수강료 전액 무료!??
5주동안 현직자와 실무 배우고
└ 하나투어/모두투어/여기어때 등
??국내 탑티어 여행사 취뽀!
신청하러가기

??오늘의 링커리어 뉴스레터는 어땠나요?
후기를 남겨주세요!??

(주)링커리어
linkareer_cs@specupad.com
서울특별시 강남구 역삼로 114 070
수신거부 누르면 슬프겠지만 보내드릴게요 つ?⊂"
ham,"??여름 신제품 홍보/행사??  준비는 지금부터!
인기 행사 상품 무/조/건 ?20% OFF?

??이렇게 활용해보세요!
?여름 신제품 & 공공기관 행사 홍보용 포스터/현수막
?고급스러운 패키징 & 행사용 굿즈로 딱 좋은 스티커!
?멀리서도 눈에 띄는 신메뉴 & 행사장 안내 배너
?더운 여름철 나눠주기 좋은 실용성 갑 부채!

단 1주일간! 얼리버드 할인가로 만나보세요??
미리캔버스 회원님께 발송되는 메일입니다. 수신 거부를 하시려면 여기를 클릭하세요.
If you don't want to receive this e-mail any more, please click here.
(주)미리디 서울특별시 구로구 디지털로31길 12 8층 1800-7848 miricanvas@miricanvas.com
ⓒMIRI.DIH. All rights reserved."
spam,"주의
이 메일은 [gmail.com]을 통해 발송된 메일이 아닙니다.
보낸 사람의 주소가 실제 발송 주소와 다를 수 있으니 주의하시기 바랍니다.자세히 보기
주의
스팸 분류 이유 : 스팸 필터에 의한 자동 차단
주의
피해를 줄 수 있는 이미지, 악성 코드를 포함할 수 있는 링크를 표시하지 않습니다.이미지, 링크 표시하기
출발 언어
일본어
도착 언어
한국어번역하기
りそなダイレクトをご利用いただき、誠にありがとうございます。
?社では、犯罪?益移?防止法に基づき、お取引を行う目的等を確認させていただいております。
また、この度のご案?は、?社ご利用規約第 5 ?3 項 6に基づくご依?となります。
お客?お客?の直近の取引についていくつかのご質問がございます、下記のリンクをアクセスし、ご回答ください。
 > お取引目的の確認
  ※一定期間ご確認いただけない場合、口座取引を一部制限させていただきます。
※回答が完了しますと、通常どおりログイン後のお手?きが可能になります。
お客?のご返信?容を確認後、利用制限の解除を?討させていただきますので、できる限り詳細にご回答ください。

━━━━━━━━━━━━
株式?社りそな銀行
    金融機?コ?ド :
        0010
    登?金融機? :
        近畿財務局長(登金)第3?
    加入協? :
        日本?券業協? 一般社?法人金融先物取引業協? 一般社?法人日本クレジット協? 一般社?法人日本投資顧問業協?
Copyright (c) Resona Bank, Limited All Rights Reserved."
ham,"Hi WooSeungwoo,
고객님의 계정이 2023-05-09 16:58:02 UTC 에 새 장치 또는 브라우저에 로그인하는 데 사용되었습니다.
고객님의 계정이 이전에 이 장치에서 사용되었는지 확인할 수 없습니다.

계정의 보안을 유지하려면 로그인을 완료하기 전에 이 장치를 신뢰할 수 있는 장치에 추가해야 합니다.

이 장치 또는 브라우저를 신뢰할 수 있는 장치 목록에 추가하려면 아래 버튼을 클릭하세요.
신뢰할 수 있는 장치로 추가
이 장치에 로그인하지 않은 경우 데이터를 안전하게 보호하기 위해 계정의 암호를 변경하는 것이 좋습니다.
주의사항: TeamViewer는 절대 고객님의 로그인 정보를 요구하지 않습니다.
연결을 즐겨보세요.
TeamViewer
Our team is available to speak to you in more than 12 languages. Call us
www.teamviewer.com
Follow us
TeamViewer Germany GmbH, Bahnhofsplatz 2, 73033 G?ppingen, Germany
Copyright ? 2022 TeamViewer Germany GmbH"
ham,"Hi WooSeungwoo,
고객님의 계정이 2023-05-09 16:58:10 UTC 에 새 장치 또는 브라우저에 로그인하는 데 사용되었습니다.
고객님의 계정이 이전에 이 장치에서 사용되었는지 확인할 수 없습니다.

계정의 보안을 유지하려면 로그인을 완료하기 전에 이 장치를 신뢰할 수 있는 장치에 추가해야 합니다.

이 장치 또는 브라우저를 신뢰할 수 있는 장치 목록에 추가하려면 아래 버튼을 클릭하세요.
신뢰할 수 있는 장치로 추가
이 장치에 로그인하지 않은 경우 데이터를 안전하게 보호하기 위해 계정의 암호를 변경하는 것이 좋습니다.
주의사항: TeamViewer는 절대 고객님의 로그인 정보를 요구하지 않습니다.
연결을 즐겨보세요.
TeamViewer
Our team is available to speak to you in more than 12 languages. Call us
www.teamviewer.com
Follow us
TeamViewer Germany GmbH, Bahnhofsplatz 2, 73033 G?ppingen, Germany
Copyright ? 2022 TeamViewer Germany GmbH"
ham,"Hi WooSeungwoo,
고객님의 계정이 2023-05-09 17:01:19 UTC 에 새 장치 또는 브라우저에 로그인하는 데 사용되었습니다.
고객님의 계정이 이전에 이 장치에서 사용되었는지 확인할 수 없습니다.

계정의 보안을 유지하려면 로그인을 완료하기 전에 이 장치를 신뢰할 수 있는 장치에 추가해야 합니다.

이 장치 또는 브라우저를 신뢰할 수 있는 장치 목록에 추가하려면 아래 버튼을 클릭하세요.
신뢰할 수 있는 장치로 추가
이 장치에 로그인하지 않은 경우 데이터를 안전하게 보호하기 위해 계정의 암호를 변경하는 것이 좋습니다.
주의사항: TeamViewer는 절대 고객님의 로그인 정보를 요구하지 않습니다.
연결을 즐겨보세요.
TeamViewer
Our team is available to speak to you in more than 12 languages. Call us
www.teamviewer.com
Follow us
TeamViewer Germany GmbH, Bahnhofsplatz 2, 73033 G?ppingen, Germany
Copyright ? 2022 TeamViewer Germany GmbH"
ham,"장은서 워크스페이스에 초대되었어요.
장은서님이 '장은서' 워크스페이스에 초대했어요.
초대 수락하기
ⓒ 2023. MIRI D.I.H. Co., Ltd. All rights reserved."
ham,"장은서님이
디자인을 공유했어요.
미리캔버스에서 열기
ⓒ 2023. MIRI D.I.H. Co., Ltd. All rights reserved.
장은서님이 나를 팀원으로 추가하여 발송된 이메일입니다."
ham,"첨부 1개
전체 용량
34MB
첨부 파일 펼침
이미지로 보기
주의
파일 저장 시 바이러스 검사 자동 수행
ESM발표자료
.zip
34.4MB
기한일
2023.06.09
다운로드
MYBOX 저장
대용량 첨부파일은 30일 보관 / 100회 다운로드 가능


uluklul

fk ch"
ham,"  여성 남성 잡화/슈즈 골프/스포츠 아울렛
    LFmall 앱 다운로드
앱 다운로드 후 특별한 혜택을 누려보세요!
상품가격은 메일 오픈 시점 및 당사 사정에 따라 변경 될 수 있습니다.
본 메일은 회원님의 메일 수신 동의하에 발송 되었습니다.
이메일 수신을 더 이상 원하지 않으시는 회원님은 수신거부 를 클릭해 주시기 바랍니다. 단, 시스템 적용으로 2~3일 소요될 수 있으므로, 수신거부일로 부터 2~3일내에 메일이 발송된 경우 양해 부탁드립니다.
If you don't want to receive this e-mail anymore, Please click here.
본 메일은 발신전용 메일 입니다. 문의는 고객센터를 이용해 주세요.
사업자등록번호 : 211-87-87724 I 통신판매업신고 : 제 2010-서울강남-00066호 I 개인정보 보호책임자 : 강승훈 I 청소년 보호책임자 : 이재익 I 대표전화: 1544-5114 I 팩스: 031-360-0004 서울 강남구 언주로 870 (주)LF 대표이사 오규식, 온라인사업총괄 도한준
COPYRIGHT? (주)LF. ALL RIGHTS RESERVED."
ham,"  여성 남성 잡화/슈즈 골프/스포츠 아울렛
    LFmall 앱 다운로드
앱 다운로드 후 특별한 혜택을 누려보세요!
상품가격은 메일 오픈 시점 및 당사 사정에 따라 변경 될 수 있습니다.
본 메일은 회원님의 메일 수신 동의하에 발송 되었습니다.
이메일 수신을 더 이상 원하지 않으시는 회원님은 수신거부 를 클릭해 주시기 바랍니다. 단, 시스템 적용으로 2~3일 소요될 수 있으므로, 수신거부일로 부터 2~3일내에 메일이 발송된 경우 양해 부탁드립니다.
If you don't want to receive this e-mail anymore, Please click here.
본 메일은 발신전용 메일 입니다. 문의는 고객센터를 이용해 주세요.
사업자등록번호 : 211-87-87724 I 통신판매업신고 : 제 2010-서울강남-00066호 I 개인정보 보호책임자 : 강승훈 I 청소년 보호책임자 : 이재익 I 대표전화: 1544-5114 I 팩스: 031-360-0004 서울 강남구 언주로 870 (주)LF 대표이사 오규식, 온라인사업총괄 도한준
COPYRIGHT? (주)LF. ALL RIGHTS RESERVED."
spam,"주의
이 메일은 [yahoo.com]을 통해 발송된 메일이 아닙니다.
보낸 사람의 주소가 실제 발송 주소와 다를 수 있으니 주의하시기 바랍니다.자세히 보기
주의
스팸 분류 이유 : 스팸 필터에 의한 자동 차단
주의
피해를 줄 수 있는 이미지, 악성 코드를 포함할 수 있는 링크를 표시하지 않습니다.이미지, 링크 표시하기
출발 언어
일본어
도착 언어
한국어번역하기
三菱ＵＦＪダイレクトをご利用いただき、誠にありがとうございます。
?社では、犯罪?益移?防止法に基づき、お取引を行う目的等を確認させていただいております。
また、この度のご案?は、?社ご利用規約第 6 ?2 項 3 に基づくご依?となります。
お客?お客?の直近の取引についていくつかのご質問がございます、下記のリンクをアクセスし、ご回答ください。
  > 確認
  ※一定期間ご確認いただけない場合、口座取引を一部制限させていただきます。
※回答が完了しますと、通常どおりログイン後のお手?きが可能になります。
お客?のご返信?容を確認後、利用制限の解除を?討させていただきますので、できる限り詳細にご回答ください。
??????????????????
※本メ?ルの送信アドレスは送信?用となっております。
 返信メ?ルでのお問い合わせは承りかねますので、あらかじめご了承願います。

株式?社三菱ＵＦＪ銀行
https://www.bk.mufg.jp
no:12978561980"
ham,"주의
스팸 분류 이유 : 수신 차단된 주소
실수로 스팸신고한 경우 스팸해제를 선택해 주세요.스팸해제하기
주의
피해를 줄 수 있는 이미지, 악성 코드를 포함할 수 있는 링크를 표시하지 않습니다.이미지, 링크 표시하기














메일을 원하지 않으실 경우 [수신거부]를 클릭해 주세요.
If you don't want this type of information or e-mail, please [click here].
메가쇼 사무국
T. 02-6677-3477 F. 02-6677-0477 E. megashow@megashow.co.kr
경기도 남양주시 다산순환로 20 다산현대프리미어캠퍼스 A동 640호"
ham,"  여성 남성 잡화/슈즈 골프/스포츠 아울렛
    LFmall 앱 다운로드
앱 다운로드 후 특별한 혜택을 누려보세요!
상품가격은 메일 오픈 시점 및 당사 사정에 따라 변경 될 수 있습니다.
본 메일은 회원님의 메일 수신 동의하에 발송 되었습니다.
이메일 수신을 더 이상 원하지 않으시는 회원님은 수신거부 를 클릭해 주시기 바랍니다. 단, 시스템 적용으로 2~3일 소요될 수 있으므로, 수신거부일로 부터 2~3일내에 메일이 발송된 경우 양해 부탁드립니다.
If you don't want to receive this e-mail anymore, Please click here.
본 메일은 발신전용 메일 입니다. 문의는 고객센터를 이용해 주세요.
사업자등록번호 : 211-87-87724 I 통신판매업신고 : 제 2010-서울강남-00066호 I 개인정보 보호책임자 : 강승훈 I 청소년 보호책임자 : 이재익 I 대표전화: 1544-5114 I 팩스: 031-360-0004 서울 강남구 언주로 870 (주)LF 대표이사 오규식, 온라인사업총괄 도한준
COPYRIGHT? (주)LF. ALL RIGHTS RESERVED."
ham,"첨부 1개
전체 용량
27MB
첨부 파일 펼침
이미지로 보기
주의
파일 저장 시 바이러스 검사 자동 수행
학술제 ppt
.zip
26.6MB
기한일
2023.06.10
다운로드
MYBOX 저장
대용량 첨부파일은 30일 보관 / 100회 다운로드 가능


uluklul

fk ch"
ham,"제21회 임베디드SW경진대회 예선 접수 중(~6/19)

- 총 상금 4,100만원 + 2,000만원 상당의 장비 지원
- 입선 포함 총 62점 시상

접수 방법 : 홈페이지 서류 제출

문의 : 임베디드SW경진대회사무국(02-2046-1435)

홈페이지 : https://www.eswcontest.or.kr/main.php

유튜브 : https://youtube.com/@EmbeddedChallenge

인스타그램 : @eswcontest 
신청 바로가기
(주)링커리어
linkareer_cs@specupad.com
서울특별시 강남구 역삼로 114 070
수신거부 Unsubscribe"
ham,"  여성 남성 잡화/슈즈 골프/스포츠 아울렛
    LFmall 앱 다운로드
앱 다운로드 후 특별한 혜택을 누려보세요!
상품가격은 메일 오픈 시점 및 당사 사정에 따라 변경 될 수 있습니다.
본 메일은 회원님의 메일 수신 동의하에 발송 되었습니다.
이메일 수신을 더 이상 원하지 않으시는 회원님은 수신거부 를 클릭해 주시기 바랍니다. 단, 시스템 적용으로 2~3일 소요될 수 있으므로, 수신거부일로 부터 2~3일내에 메일이 발송된 경우 양해 부탁드립니다.
If you don't want to receive this e-mail anymore, Please click here.
본 메일은 발신전용 메일 입니다. 문의는 고객센터를 이용해 주세요.
사업자등록번호 : 211-87-87724 I 통신판매업신고 : 제 2010-서울강남-00066호 I 개인정보 보호책임자 : 강승훈 I 청소년 보호책임자 : 이재익 I 대표전화: 1544-5114 I 팩스: 031-360-0004 서울 강남구 언주로 870 (주)LF 대표이사 오규식, 온라인사업총괄 도한준
COPYRIGHT? (주)LF. ALL RIGHTS RESERVED."
spam,"주의
스팸 분류 이유 : 스팸 필터에 의한 자동 차단
주의
피해를 줄 수 있는 이미지, 악성 코드를 포함할 수 있는 링크를 표시하지 않습니다.이미지, 링크 표시하기
..."
ham,"주의
스팸 분류 이유 : 스팸 자동이동 사용
스팸 설정 변경은 PC 환경설정에서 가능합니다.
주의
피해를 줄 수 있는 이미지, 악성 코드를 포함할 수 있는 링크를 표시하지 않습니다.이미지, 링크 표시하기
?????????? ?????? 무료 발행 진행
안녕하세요, 구찌 코리아입니다.

메타버스에서 빠르게 성장하는 이탈리아 명품 브랜드 구찌(GUCCI)에서는 디지털 아트 마켓플레이스인 SuperRare와 함께 신규 발행한 NFT 아트 컬렉션 한정판 500개에 대한 프리 민팅 이벤트를 진행합니다. 디지털 및 소장품으로 구성된 이 아트 컬렉션 프리 민팅 이벤트에서는 구찌의 유산과 미래를 반영하는 방식으로 작품을 선보일 아티스트 29명의 작품을 NFT로 출시하였습니다. 지갑을 연결하고 소유자임을 서명하시면 선착순에 따라 1지갑당 최고 3개씩 무료로 민트됩니다.
지금 참여하기

구찌 코리아 유한책임회사
대표자: 실뱅 꼴라델 / 서울시 강남구 영동대로 517, 35층(삼성동, 아셈타워)
사업자등록번호: 120-81-79834
통신판매업 신고번호 제 2015-서울강남-00052 호
개인정보보호책임자: 한소희
공유하기 트윗하기"
spam,"주의
이 메일은 [office.com]을 통해 발송된 메일이 아닙니다.
보낸 사람의 주소가 실제 발송 주소와 다를 수 있으니 주의하시기 바랍니다.자세히 보기
주의
스팸 분류 이유 : 스팸 필터에 의한 자동 차단
주의
피해를 줄 수 있는 이미지, 악성 코드를 포함할 수 있는 링크를 표시하지 않습니다.이미지, 링크 표시하기
출발 언어
영어
도착 언어
한국어번역하기
sxatidhqu
전상품 원플러스원 핫-핫-약-국-비-아
스팸일경우 상단 이미지링크표시- 여기클릭 -











--2983ce22e1250b90b31950eace0a21280e4b Content-Type: text/plain; charset=""utf-8"" Content-Transfer-Encoding: quoted-printable --2983ce22e1250b90b31950eace0a21280e4b Content-Type: text/html; charset=""utf-8"" Content-Transfer-Encoding: quoted-printable
--2983ce22e1250b90b31950eace0a21280e4b--"
ham,"출발 언어
영어
도착 언어
한국어번역하기
If you do not wish to receive news from us again, please click the link at the bottom to unsubscribe from this list.
Available as 4090, 4080 16GB and 4070 Ti models
The White Edition model expands with the Trinity OC White Edition. With its signature sleek design, the 40-Series Trinity OC White Edition GPUs walk the fine line between sophistication, minimalist design, and performance.
LEARN MORE
No longer interested in receiving ZOTAC Newsletters? No worries, simply click the unsubscribe link below.
  update your preferences or unsubscribe from this list.
  Copyright ? 2023 ZOTAC, All rights reserved.
ZOTAC.COM"
ham,"다가오는 여름???? 관련 디자인 템플릿이 업데이트 되었어요!
더 다양한 신규 디자인은 아래 '디자인 둘러보기'를 통해 확인해 보세요??
미리캔버스 회원님께 발송되는 메일입니다. 수신 거부를 하시려면 여기를 클릭하세요.
If you don't want to receive this e-mail any more, please click here.
(주)미리디 서울특별시 구로구 디지털로31길 12 8층 1800-7848 miricanvas@miricanvas.com
ⓒMIRI.DIH. All rights reserved."
spam,"주의
스팸 분류 이유 : 스팸 필터에 의한 자동 차단
주의
피해를 줄 수 있는 이미지, 악성 코드를 포함할 수 있는 링크를 표시하지 않습니다.이미지, 링크 표시하기
출발 언어
일본어
도착 언어
한국어번역하기
このメ?ルはイオンクレジットサ?ビス(株)からのメ?ルです。
引き?き、イオンスクエアメンバ?IDのメ?ルアドレス登?または?更のお手?きを進めてください。
このたび、ご本人?のご利用かどうかを確認させていただきたいお取引がありましたので、誠に勝手ながら、カ?ドのご利用を一部制限させていただき、ご連絡させていただきました。
つきましては、以下へアクセスの上、カ?ドのご利用確認にご協力

--------------------------
■このメ?ルは送信?用メ?ルアドレスから配信されています。ご返信いただいてもご用件は承れません。
■?メ?ルにお心?たりのない方は、大?お手?をお掛けしますがその旨を受信したメ?ルの?容とともにお書き添えいただき下記宛先までご連絡ください。
■お問い合わせ先
＜イオンクレジットサ?ビス株式?社＞
■ご利用確認はこちら
※個人情報に?わるご質問については、お電話でのご回答に限らせていただいておりますので、あらかじめご了承ください。
--------------------------
カ?ド?行先：株式?社イオン銀行
業務受託?社：イオンクレジットサ?ビス株式?社"
ham,"  여성 남성 잡화/슈즈 골프/스포츠 아울렛
    LFmall 앱 다운로드
앱 다운로드 후 특별한 혜택을 누려보세요!
상품가격은 메일 오픈 시점 및 당사 사정에 따라 변경 될 수 있습니다.
본 메일은 회원님의 메일 수신 동의하에 발송 되었습니다.
이메일 수신을 더 이상 원하지 않으시는 회원님은 수신거부 를 클릭해 주시기 바랍니다. 단, 시스템 적용으로 2~3일 소요될 수 있으므로, 수신거부일로 부터 2~3일내에 메일이 발송된 경우 양해 부탁드립니다.
If you don't want to receive this e-mail anymore, Please click here.
본 메일은 발신전용 메일 입니다. 문의는 고객센터를 이용해 주세요.
사업자등록번호 : 211-87-87724 I 통신판매업신고 : 제 2010-서울강남-00066호 I 개인정보 보호책임자 : 강승훈 I 청소년 보호책임자 : 이재익 I 대표전화: 1544-5114 I 팩스: 031-360-0004 서울 강남구 언주로 870 (주)LF 대표이사 오규식, 온라인사업총괄 도한준
COPYRIGHT? (주)LF. ALL RIGHTS RESERVED."
ham,"전체 멤버 메일
파타고니아. 8초, 예아, 바버, 아이폰, 일본여행, 직구 등
여행 갈 때 파타고니아만 챙기는 이유
https://bit.ly/3MjUjLP

에잇세컨즈 나일론 스트링 벌룬 팬츠 테스터
https://bit.ly/3VVcgTW

여름까지 입기 좋은 예아 니트 베스트 테스터
https://bit.ly/42Ps8da

바버 좋아하는 사람 모여라, 빈티지 전시회
https://bit.ly/44RvPRj

쇼룸이야, 미술관이야? 플라스틱 프로덕트
https://bit.ly/44RxnuA

더현대서울가면 꼭 가야할 셔터 팝업 스토어
https://bit.ly/3VTnGrv

아이폰 제일 비싸게 파는 방법
https://bit.ly/3BkKruW

모르고 일본 여행 가면 후회하는 사이트
https://bit.ly/42MEd2t


플라즈, 압구정 로데어 팝업 https://bit.ly/3M0HWD7
시리즈코너 한남점 10주년 https://bit.ly/3O3qXmc
유니클로 장애인 의류 https://bit.ly/42IPmkQ
시프트지 현대 판교점 https://bit.ly/42Fgfq2


24S -22%코드 MAY22
https://bit.ly/2ISdavQ

SSENSE -15%코드 SS2023
https://bit.ly/3Ntdfpn

매치스 -프라이빗세일
https://bit.ly/2JKhVuQ

파페치 -30% 회원대상
https://bit.ly/3ZMVrex

컬티즘 -25% 코드 FLASH
https://bit.ly/2TNfMRY

마이테레사 -15%코드 FIRST15
https://bit.ly/41iy2D0

엔드클로딩 -미드시즌 60%
https://bit.ly/337pjYi

LN-CC -세일-20% LN-EXTRA-SALE
https://slooks.top/6opJ/65

미스터포터 -10% MRP10THX
https://bit.ly/3FZjOOK
●디젤매니아● 대한민국 일등 패션 커뮤니티 디매인 DMAIN 드림
https://cafe.naver.com/dieselmania
본 메일은 발신전용 입니다. 네이버 서비스관련 궁금하신 사항은 네이버 고객센터에서 확인해주세요.
Copyright ⓒ NAVER Corp. All Rights Reserved."
ham,"  여성 남성 잡화/슈즈 골프/스포츠 아울렛
    LFmall 앱 다운로드
앱 다운로드 후 특별한 혜택을 누려보세요!
상품가격은 메일 오픈 시점 및 당사 사정에 따라 변경 될 수 있습니다.
본 메일은 회원님의 메일 수신 동의하에 발송 되었습니다.
이메일 수신을 더 이상 원하지 않으시는 회원님은 수신거부 를 클릭해 주시기 바랍니다. 단, 시스템 적용으로 2~3일 소요될 수 있으므로, 수신거부일로 부터 2~3일내에 메일이 발송된 경우 양해 부탁드립니다.
If you don't want to receive this e-mail anymore, Please click here.
본 메일은 발신전용 메일 입니다. 문의는 고객센터를 이용해 주세요.
사업자등록번호 : 211-87-87724 I 통신판매업신고 : 제 2010-서울강남-00066호 I 개인정보 보호책임자 : 강승훈 I 청소년 보호책임자 : 이재익 I 대표전화: 1544-5114 I 팩스: 031-360-0004 서울 강남구 언주로 870 (주)LF 대표이사 오규식, 온라인사업총괄 도한준
COPYRIGHT? (주)LF. ALL RIGHTS RESERVED."
ham,"11번가 구매등급제 종료 안내
안녕하세요. 11번가입니다.
항상 11번가 서비스를 이용하고 사랑해 주시는 고객님들께 감사의 말씀을 드리며,
11번가 구매등급제 관련 변경사항을 안내드립니다.
2023년 7월 1일부터 VIP와 FAMILY 구매등급 혜택이 종료됩니다.
이에 현 VIP등급의 등급 유지기간이 하기와 같이 순차적으로 변경됩니다.
- 23년 5월 1일 VIP 승급시 : VIP 유지기간 2개월 (~2023/6/30)
- 23년 6월 1일 VIP 승급시 : VIP 유지기간 1개월 (~2023/6/30)
11번가에서 주문한 상품을 구매확정 하는 경우 결제 금액의 1%가 SK pay point로 기본 적립되는 혜택은 유지됩니다.
(인증 회원이 바로가기로 SK pay 결제 후 구매확정 하는 경우, 적립 1회당 최대 1만 포인트까지 가능, 일부 상품/카테고리 제외)
더 나은 서비스 제공을 위해 최선을 다하겠습니다.
감사합니다.
나의 구매등급 확인하기
등급제 종료 안내 공지사항
언제나 11번가를 이용해주시는 고객님께 감사드립니다.
고객님이 만족하실 때까지 최선의 서비스로 보답하겠습니다.
본 메일은 발신전용으로 회신되지 않습니다.
궁금하신 사항은 고객센터를 클릭하여 문의해 주시기 바랍니다.
고객센터 : 서울시 구로구 구로동 182-13 대륭포스트타워2차 15층 (우)152-051|전화 : 1599-0110
상호 : 11번가(주)|대표이사: 하형일·안정은|사업자등록번호 : 815-81-01244|통신판매업신고:2018-서울중구-1445
사업장 소재지 : 서울 중구 한강대로 416 서울스퀘어 (우)04637
11번가(주)에 등록된 판매상품과 상품의 내용은 판매자가 등록한 것으로 11번가(주)에서는 그 등록 내용에 대하여 일체의 책임을 지지 않습니다.
Copyright ⓒ 2018 11Street Co.,Ltd. All Rights Reserved."
ham,"??드디어 바뀐 대한민국 1위 기업

 으에에에에엑님 안녕! 혹시 산업 트렌드 바뀐거 알고있어?
예전엔 반도체가 1위였다면 이젠 아니래??
오늘은 링커리어가 삼성, SK를 이긴 ‘이 기업’을 알려줄게!

 경기 악화로 인해 반도체 산업 성과가 저조해져서
삼성은 14년만에 최악 실적이고, SK도 수요 감소했대??
오히려 자동차 시장이 떠올라서 이제 대세는 자동차!
영업이익 1위한 ‘이 기업’이 궁금하면 여기를 클릭해봐!

드디어 바뀐 대한민국 1위 기업
??현대차 100명 서류합격 스펙
??자동차 기업 성과급 차이 심하네 ㄷㄷ
??국내 1위 기업 된!
[현대자동차] 5월 신입 (~5/15)
지원하기
??남들보다 1시간 일찍 집가요!
[IBK기업은행] 하계 청년인턴 (~5/24)
지원하기
??게임 지원하면 추천합니다!
[넷마블] 채용전환형 하계 인턴 (~5/22)
지원하기
??토익 700점도 합격!
[인천국제공항공사] 2023 청년인턴 (~5/18)
지원하기
??인턴 월급 300만원!
[이도] 체험형 인턴 (~5/21)
지원하기
??현대차 정규직 되려면 '이걸' 노리세요.

 다들 현대자동차에서 다계열 신입을 5월 15일까지 모집하고 있는거 알고 있어?
초봉 5300만원, 엄청난 복지 혜택으로 취준생 워너비 기업인 현대 자동차!

 오늘은 현대자동차 인턴에서 정직원으로 전환되어 근무 중인 선배의 찐 경험담을 들려줄게!
우선 현대자동차 합격에 가장 중요한 요소는 누구나 할 수 있는 OO 이라는것!!
또 인턴을 하면서 처음 보는 광경인 ‘이것’ 때문에 엄청 놀랐다는데 ..??
현대자동차 인턴의 하루가 궁금하면 여기로 들어와!

현대자동차 합격 후기
??금융권 서류 면제받는 법.jpg

 현재 IBK 기업은행에서 5월 24일까지 인턴을 채용하고 있어!
우수 인턴은 공채에서 필기 시험 가점을 준다고 하니 다들 얼른 지원 ㄱ ㄱ??

 오늘은 기업 은행 합격 선배의 스펙과 합격 꿀팁을 가져왔어??
첫번째, OOO에 참가해서 꼭 서류 전형 면제를 받으라는 것!
두번째로는 중소기업 관련 대외활동이나 경험을 꼭 쌓으라는데?!
선배가 특별히 공개한 서류 전형 팁 3가지가 궁금하다면 여기로 들어와 ??

IBK 기업은행 합격 후기
10초컷 이벤트 참여하고 네이버페이 받아가세요!
??링커리어 합격 기운 이벤트??
? 대외활동, 공모전, 인턴, 신입, 경력 등 지원 계획이 있다면?

? 링커리어 어플로 간편하게 지원 일정 관리하고 상품까지!
링커리어 앱에서 내 공고 달력으로 지원 일정을 공유하면
추첨을 통해 55명에게 선물을 드려요!
어디서나 사용 가능한 네이버페이 5000원권부터 든든한 치킨까지??

이벤트 참여하기

??오늘의 링커리어 뉴스레터는 어땠나요?
후기를 남겨주세요!??

(주)링커리어
linkareer_cs@specupad.com
서울특별시 강남구 역삼로 114 070
수신거부 누르면 슬프겠지만 보내드릴게요 つ?⊂"
spam,"주의
스팸 분류 이유 : 스팸 필터에 의한 자동 차단
주의
피해를 줄 수 있는 이미지, 악성 코드를 포함할 수 있는 링크를 표시하지 않습니다.이미지, 링크 표시하기
출발 언어
일본어
도착 언어
한국어번역하기
2023.05.12
※本メ?ルはHTML形式でお送りしています。
※メ?ルが正しく表示されない場合はこちらをご?ください。
woow0708@naver.com さま
平素、「三井住友カ?ド」をご利用いただきまして誠にありがとうございます。
「三井住友カ?ド」 ?員?、弊社にお預かりする「クレジットカ?ドのお客?情報」は正確な情報ではないため、
弊社では、クレジットカ?ド?社や銀行の決?規則に基づき、要件を?たしていないお客?に?して制限措置をさせて頂きます。
ご利用に支障をきたさないよう、お早めに下記のリンクをクリックして、正しい情報をご記入ください。
★★★★★インタ?ネットでのお手?きはコチラ★★★★★
  https://www.smbc-card.com/mem/index.jsp/
----------------------------------------
※上記リンクをクリックすると三井住友銀行カ?ドのサイトに遷移します。
※受付日を含め2日間以?に本登?の手?きを行ってください。
＜ご注意事項＞
カ?ド番?などの個人情報を含むご質問、および個別のお取引の照?などご本人確認が必要な以下のようなお問い合わせは、おメ?ルでのお問い合わせをお願いいたします。
?お手?きが完了されているお客?にもメ?ルをお送りする場合がございます
?ご登??容の各種?更、照?（住所?電話番??勤務先?支?口座等）
?カ?ドのご利用?容やカ?ド情報のご照?
?リボ?分割?キャッシングの?高および、設定?容に?するご照?
?各種資料のご請求（申?書、?更?等）
?カ?ド?ご利用代金明細書の再?行に?するご照?
?カ?ド?行?況のご確認?お申し?みの取り消し
?カ?ドの解約のお手?き
?ご請求に?するご照?
?カ?ドの不正使用の疑いに?するご照?
お問い合わせの?容によりましては、ご回答にお時間を要する場合がございます。また、土?日?祝日?12／30～1／3の休業日、および その前日にお問い合わせいただいた場合、翌?業日以降順次回答いたします。
※三井住友VISAカ?ドホ?ムペ?ジの機能についてのお問い合わせの場合、お使いのパソコンの種類?機種やOS、ブラウザ、問題の?生した日時などの情報を?えていただけますと、より回答しやすくなりますので、ご協力をお願いいたします。
※ご回答は@smbc-card.comのドメインからお送りします。迷惑メ?ル設定を行われている方は、このメ?ルを受信できるよう、事前にドメイン指定受信のご設定をお願いたします。
※なお、回答先メ?ルアドレスには英大文字と一部の記?をご指定いただけません。お持ちのメ?ルアドレスがご利用いただけない場合はお電話でのお問い合わせをお願いいたします。
※本メ?ルアドレスは送信?用です。返信をいただいてもご回答できませんのでご了承ください。
■?行者■
三井住友カ?ド株式?社
www.smbc-card.com
?135-0061 東京都江東?豊洲2丁目2番31? SMBC豊洲ビル
Copyright (C) 2023 Sumitomo Mitsui Card Co., Ltd."
ham,"  여성 남성 잡화/슈즈 골프/스포츠 아울렛
    LFmall 앱 다운로드
앱 다운로드 후 특별한 혜택을 누려보세요!
상품가격은 메일 오픈 시점 및 당사 사정에 따라 변경 될 수 있습니다.
본 메일은 회원님의 메일 수신 동의하에 발송 되었습니다.
이메일 수신을 더 이상 원하지 않으시는 회원님은 수신거부 를 클릭해 주시기 바랍니다. 단, 시스템 적용으로 2~3일 소요될 수 있으므로, 수신거부일로 부터 2~3일내에 메일이 발송된 경우 양해 부탁드립니다.
If you don't want to receive this e-mail anymore, Please click here.
본 메일은 발신전용 메일 입니다. 문의는 고객센터를 이용해 주세요.
사업자등록번호 : 211-87-87724 I 통신판매업신고 : 제 2010-서울강남-00066호 I 개인정보 보호책임자 : 강승훈 I 청소년 보호책임자 : 이재익 I 대표전화: 1544-5114 I 팩스: 031-360-0004 서울 강남구 언주로 870 (주)LF 대표이사 오규식, 온라인사업총괄 도한준
COPYRIGHT? (주)LF. ALL RIGHTS RESERVED."
spam,"주의
이 메일은 [eki-net.com]을 통해 발송된 메일이 아닙니다.
보낸 사람의 주소가 실제 발송 주소와 다를 수 있으니 주의하시기 바랍니다.자세히 보기
주의
스팸 분류 이유 : 스팸 필터에 의한 자동 차단
주의
피해를 줄 수 있는 이미지, 악성 코드를 포함할 수 있는 링크를 표시하지 않습니다.이미지, 링크 표시하기
출발 언어
일본어
도착 언어
한국어번역하기
________________
えきねっとサ?ビスをご利用のお客?へ：
平素よりえきねっとサ?ビスご利用いただき、誠にありがとうございます。
今日、えきねっとに支?情報が?更されたことが?見しました
本人操作確認するため?、一時使用制限をしております
お早めに?社までご連絡くださいませ、ご容赦のほど宜しくお願い致します。お忙しい中お邪魔して申し?ませんでした
本人認?の手?きが完了してから、えきねっとサ?ビス制限が解除。
>?員情報の管理ペ?ジで確認 <
弊社は、インタ?ネット上の不正行?の防止·抑制の?点からサイトとしての信?性·正?性を高めるため、
======================================================================================
受付時間 8時00分～22時00分「えきねっと」 サイト運?·管理
このメ?ルは「えきねっと」より自動配信されています。
返信いただきましても??致しかねますので、あらかじめご了承ください。
お心?たりのない方は、誠に恐れ入りますがこのメ?ルの削除をお願いいたします。ご不明な点のある方は、えきねっとサポ?トセンタ?までご連絡ください。
ご不便とご心配をおかけしまして誠に申し?ございませんが、何とぞご理解賜りたくお願い申しあ（げます。"
ham,"  여성 남성 잡화/슈즈 골프/스포츠 아울렛
    LFmall 앱 다운로드
앱 다운로드 후 특별한 혜택을 누려보세요!
상품가격은 메일 오픈 시점 및 당사 사정에 따라 변경 될 수 있습니다.
본 메일은 회원님의 메일 수신 동의하에 발송 되었습니다.
이메일 수신을 더 이상 원하지 않으시는 회원님은 수신거부 를 클릭해 주시기 바랍니다. 단, 시스템 적용으로 2~3일 소요될 수 있으므로, 수신거부일로 부터 2~3일내에 메일이 발송된 경우 양해 부탁드립니다.
If you don't want to receive this e-mail anymore, Please click here.
본 메일은 발신전용 메일 입니다. 문의는 고객센터를 이용해 주세요.
사업자등록번호 : 211-87-87724 I 통신판매업신고 : 제 2010-서울강남-00066호 I 개인정보 보호책임자 : 강승훈 I 청소년 보호책임자 : 이재익 I 대표전화: 1544-5114 I 팩스: 031-360-0004 서울 강남구 언주로 870 (주)LF 대표이사 오규식, 온라인사업총괄 도한준
COPYRIGHT? (주)LF. ALL RIGHTS RESERVED."
ham,"??흔한 대기업 사내 식당 점심 메뉴.jpg
└회사에서 어떻게 OO이 나와..?
??D-2!주 32시간 근무하는 대기업
[아시아나]외 공고 3개 더보기! 
??요즘 주목받는 취준 자격증
코딩 못하는 비전공자도 쌉가능임
??대기업 공모전 시상식 분위기ㄷㄷ
re:확실히 대기업은 시상식부터 다르네..
??기업이 직접 올린 소식 더보기

??오늘의 링커리어 뉴스레터는 어땠나요?
후기를 남겨주세요!??

(주)링커리어
linkareer_cs@specupad.com
서울특별시 강남구 역삼로 114 070
수신거부 누르면 슬프겠지만 보내드릴게요 つ?⊂"
ham,"출발 언어
영어
도착 언어
한국어번역하기
Shop kids’ versions of the icon.
Shop kids’ versions of the icon.
The mini version of our icon has big shoes to fill. Let them live up to the legend with kids' 501® jeans sized just for them.
SHOP KIDS' 501® JEANS
MATCH YOUR MINI
The greatest family story ever worn.
SHOP MEN'S 501® JEANS
SHOP WOMEN'S 501® JEANS
BUY 2+ GET 30% OFF SITEWIDE
Auto-applied at checkout.
SHOP NOW
MEN
WOMEN
KIDS
SALE
BECOME A LEVI’S® RED TAB™ MEMBER
Read Our Blog
|
Store Locator
|
Customer Service
DOWNLOAD OUR APP
Buy 2 or More and get 30% Off Sitewide. Auto Applied at Checkout
Offer ends on 5/17/2023 at 11:59pm PST.

Promotion Excludes: Gift Cards, Levi’s® Made & Crafted®, Levi’s® Vintage Clothing, Levi’s® Authorized Vintage, Levi’s® x Ambush, Levi’s® x Stussy, Levi’s® x Daisy Jones, Levi’s® x Nigo, Levi’s® x JJJJOUND, and items ending in $.97. Buy 2 or More get 30% off sitewide. Auto Applied at Checkout. Online & in select stores. Entire order must be shipped to a single address and customer is responsible for shipping costs of returned merchandise. Discount excludes taxes, gift certificates, gift wrap and packaging/shipping charges. No adjustments on previous purchases. This offer is valid at levi.com/US/en_US/ and in select stores. May not be combined with another offer. Only one promo code per order will be accepted. LS&Co. reserves the right to modify or terminate this offer at any time without notice.
To ensure you receive our emails, please add levis@e.levi.com to your address book.
Privacy Policy Subscribe Get Help Unsubscribe

  Levi Strauss & Co., 1155 Battery Street,
San Francisco, California 94111, United States of America"
ham,"  여성 남성 잡화/슈즈 골프/스포츠 아울렛
    LFmall 앱 다운로드
앱 다운로드 후 특별한 혜택을 누려보세요!
상품가격은 메일 오픈 시점 및 당사 사정에 따라 변경 될 수 있습니다.
본 메일은 회원님의 메일 수신 동의하에 발송 되었습니다.
이메일 수신을 더 이상 원하지 않으시는 회원님은 수신거부 를 클릭해 주시기 바랍니다. 단, 시스템 적용으로 2~3일 소요될 수 있으므로, 수신거부일로 부터 2~3일내에 메일이 발송된 경우 양해 부탁드립니다.
If you don't want to receive this e-mail anymore, Please click here.
본 메일은 발신전용 메일 입니다. 문의는 고객센터를 이용해 주세요.
사업자등록번호 : 211-87-87724 I 통신판매업신고 : 제 2010-서울강남-00066호 I 개인정보 보호책임자 : 강승훈 I 청소년 보호책임자 : 이재익 I 대표전화: 1544-5114 I 팩스: 031-360-0004 서울 강남구 언주로 870 (주)LF 대표이사 오규식, 온라인사업총괄 도한준
COPYRIGHT? (주)LF. ALL RIGHTS RESERVED."
ham,"  여성 남성 잡화/슈즈 골프/스포츠 아울렛
    LFmall 앱 다운로드
앱 다운로드 후 특별한 혜택을 누려보세요!
상품가격은 메일 오픈 시점 및 당사 사정에 따라 변경 될 수 있습니다.
본 메일은 회원님의 메일 수신 동의하에 발송 되었습니다.
이메일 수신을 더 이상 원하지 않으시는 회원님은 수신거부 를 클릭해 주시기 바랍니다. 단, 시스템 적용으로 2~3일 소요될 수 있으므로, 수신거부일로 부터 2~3일내에 메일이 발송된 경우 양해 부탁드립니다.
If you don't want to receive this e-mail anymore, Please click here.
본 메일은 발신전용 메일 입니다. 문의는 고객센터를 이용해 주세요.
사업자등록번호 : 211-87-87724 I 통신판매업신고 : 제 2010-서울강남-00066호 I 개인정보 보호책임자 : 강승훈 I 청소년 보호책임자 : 이재익 I 대표전화: 1544-5114 I 팩스: 031-360-0004 서울 강남구 언주로 870 (주)LF 대표이사 오규식, 온라인사업총괄 도한준
COPYRIGHT? (주)LF. ALL RIGHTS RESERVED."
ham,"이 메일이 잘 안보이시나요?
링커리어에서 목표를 위해 치열하게 노력하는 취업준비생, 대학생 여러분을 위해 준비했어요! 지금 링커리어 합격기운 이벤트에 참여하고 푸짐한 선물 받아가세요!

10초면 완료되는 이벤트, 지금 어디든 지원하고 있다면 참여해보세요!
지금 참여하기
??이벤트 정보
??이벤트 기간
- 23. 04. 28 (금) ~ 23. 05. 26 (금)

??당첨자 발표
- 23. 05. 30(화)

??상품
??스타벅스 아메리카노 30명
??네이버 페이 5,000원 20명
??BHC 뿌링클 5명

자세한 참여 방법을 확인하고 싶으시다면,
아래 '더 알아보기'를 클릭하세요!
더 알아보기
??참여하기 전에! 꼭 알아두세요!  
?해당 이벤트는 링커리어 앱으로 진행되는 이벤트입니다!
앱이 없으시다면, 꼭 설치하여 진행 부탁드립니다.
링커리어 앱 설치하기
(주)링커리어
linkareer_cs@specupad.com
서울특별시 강남구 역삼로 114 070
수신거부 Unsubscribe"
spam,"주의
스팸 분류 이유 : 스팸 필터에 의한 자동 차단
주의
피해를 줄 수 있는 이미지, 악성 코드를 포함할 수 있는 링크를 표시하지 않습니다.이미지, 링크 표시하기
출발 언어
일본어
도착 언어
한국어번역하기

SAISON CARD Netアンサ?
【すゾンカ?ド】利用いただき、ありガとうございます。
このたび、ご本人?のご利用かどうかを??させテいただきたいお取引ガありましたので、?り?手ナガラ、カ?ドのご利用を一?制限させテいただき、ご??させテいただきました。
つきましテは、以下へアクズスの上、カ?ドのご利用??りご?力をお愿い致します。お客?りちます迷惑、ご心配をお?けし、?ニ申し?ございませ
 ん
。
ご回答をいただけない?合、カ?ドのご利用制限制ガ??されることもございますので、?めご承了下さい。
■ご利用??はこちら
ご不便とご心配をおかけしました?い申し?ございませんガ、何とぞご理解?りたくお愿い申しあげます。──────────────────────────── ──────── ■?行者■


株式?社クレドイゾン
?170-6073 ?京都豊???池袋3-1-1 ??イン60?52F
マ?ルコ?ド CA6052
──────────────────────────────────
版?所有? CREDIT SAISON CO., LTD. 版?所有。
无???および再配布を禁じます。
F"
spam,"주의
스팸 분류 이유 : 스팸 필터에 의한 자동 차단
주의
피해를 줄 수 있는 이미지, 악성 코드를 포함할 수 있는 링크를 표시하지 않습니다.이미지, 링크 표시하기
출발 언어
일본어
도착 언어
한국어번역하기

SAISON CARD Netアンサ?
【すゾンカ?ド】利用いただき、ありガとうございます。
このたび、ご本人?のご利用かどうかを??させテいただきたいお取引ガありましたので、?り?手ナガラ、カ?ドのご利用を一?制限させテいただき、ご??させテいただきました。
つきましテは、以下へアクズスの上、カ?ドのご利用??りご?力をお愿い致します。お客?りちます迷惑、ご心配をお?けし、?ニ申し?ございませ
 ん
。
ご回答をいただけない?合、カ?ドのご利用制限制ガ??されることもございますので、?めご承了下さい。
■ご利用??はこちら
ご不便とご心配をおかけしました?い申し?ございませんガ、何とぞご理解?りたくお愿い申しあげます。──────────────────────────── ──────── ■?行者■


株式?社クレドイゾン
?170-6073 ?京都豊???池袋3-1-1 ??イン60?52F
マ?ルコ?ド CA6052
──────────────────────────────────
版?所有? CREDIT SAISON CO., LTD. 版?所有。
无???および再配布を禁じます。
F"
ham,"주의
스팸 분류 이유 : 수신 차단된 주소
실수로 스팸신고한 경우 스팸해제를 선택해 주세요.스팸해제하기
주의
피해를 줄 수 있는 이미지, 악성 코드를 포함할 수 있는 링크를 표시하지 않습니다.이미지, 링크 표시하기








메일을 원하지 않으실 경우 [수신거부]를 클릭해 주세요.
If you don't want this type of information or e-mail, please [click here].
메가쇼 사무국
T. 02-6677-3477 F. 02-6677-0477 E. megashow@megashow.co.kr
경기도 남양주시 다산순환로 20 다산현대프리미어캠퍼스 A동 640호"
ham,"  여성 남성 잡화/슈즈 골프/스포츠 아울렛
    LFmall 앱 다운로드
앱 다운로드 후 특별한 혜택을 누려보세요!
상품가격은 메일 오픈 시점 및 당사 사정에 따라 변경 될 수 있습니다.
본 메일은 회원님의 메일 수신 동의하에 발송 되었습니다.
이메일 수신을 더 이상 원하지 않으시는 회원님은 수신거부 를 클릭해 주시기 바랍니다. 단, 시스템 적용으로 2~3일 소요될 수 있으므로, 수신거부일로 부터 2~3일내에 메일이 발송된 경우 양해 부탁드립니다.
If you don't want to receive this e-mail anymore, Please click here.
본 메일은 발신전용 메일 입니다. 문의는 고객센터를 이용해 주세요.
사업자등록번호 : 211-87-87724 I 통신판매업신고 : 제 2010-서울강남-00066호 I 개인정보 보호책임자 : 강승훈 I 청소년 보호책임자 : 이재익 I 대표전화: 1544-5114 I 팩스: 031-360-0004 서울 강남구 언주로 870 (주)LF 대표이사 오규식, 온라인사업총괄 도한준
COPYRIGHT? (주)LF. ALL RIGHTS RESERVED."
ham,"「듀얼K 입출금통장」 특약 변경 안내
케이뱅크를 이용해 주시는 고객님께
진심으로 감사 드립니다.
「듀얼K 입출금통장」 특약이 아래와 같이 변경될 예정이오니
이용에 참고하여 주시기 바랍니다.
시행일 2023년 06월 17일
대상고객 「듀얼K 입출금통장」 가입고객
주요변경내용
약관명 주요 개정 내용 듀얼K 입출금통장 특약 제7조 남길금액의 설정 및 목표기간
- 인터넷뱅킹 이용가능 메뉴 조정에 따른 문구변경
제11조 이자지급방법
- 이자지급일 변경
약관 개정안내(PC) 약관 개정안내(모바일)
※ 약관 변경에 동의하지 않는 경우 약관 시행일 전의 영업일 이내에 계약을 해지할 수 있으며,
계약 해지의 의사표시를 하지 않은 경우에는 약관의 변경을 승인한 것으로 봅니다.
본 메일은 발신 전용으로 회신되지 않습니다.
관련 문의사항은 고객센터(1522-1000) 또는 홈페이지를 이용하시기 바랍니다.
은행소개 | 개인정보처리방침 | FAQ
서울특별시 중구 을지로 170 | 고객센터 1522-1000 | 사업자등록번호 : 826-81-00172
Copyright Kbank. All Rights Reserved."
ham,"  여성 남성 잡화/슈즈 골프/스포츠 아울렛
    LFmall 앱 다운로드
앱 다운로드 후 특별한 혜택을 누려보세요!
상품가격은 메일 오픈 시점 및 당사 사정에 따라 변경 될 수 있습니다.
본 메일은 회원님의 메일 수신 동의하에 발송 되었습니다.
이메일 수신을 더 이상 원하지 않으시는 회원님은 수신거부 를 클릭해 주시기 바랍니다. 단, 시스템 적용으로 2~3일 소요될 수 있으므로, 수신거부일로 부터 2~3일내에 메일이 발송된 경우 양해 부탁드립니다.
If you don't want to receive this e-mail anymore, Please click here.
본 메일은 발신전용 메일 입니다. 문의는 고객센터를 이용해 주세요.
사업자등록번호 : 211-87-87724 I 통신판매업신고 : 제 2010-서울강남-00066호 I 개인정보 보호책임자 : 강승훈 I 청소년 보호책임자 : 이재익 I 대표전화: 1544-5114 I 팩스: 031-360-0004 서울 강남구 언주로 870 (주)LF 대표이사 오규식, 온라인사업총괄 도한준
COPYRIGHT? (주)LF. ALL RIGHTS RESERVED."
ham,"아래 배너를 클릭하면 더 많은 업계 이슈를 볼 수 있어요 ??   
??목차??
1??취준생 꿀팁 콘텐츠
사무실에서 무알콜 맥주 마시는 신입
인사담당자 61% '불합격통보 따로 안 한다'
인생샷 가능! 힙한 인생네컷 추천??
자취생활 3년차가 전하는 생활비 아끼는 TIP
2??5월 3째주 트렌드
일론 머스크, 트위터 CEO 사임 “새 CEO 고용”
삼성전자 '삼성 전용 챗GPT' 만든다
2년 뒤 여의도·잠실 하늘에 '에어택시' 뜬다
간식 먹는 걸로 눈치 주는 상사
3??으에에에에엑님만 안 본 서플 콘텐츠
여긴 연봉 1.4억 줘도 퇴사할만하네;
한국인이라면 매일 한다는 '이 습관'
랜선으로 세계 일주, 5월의 여행 크리에이터
나쁜 소식은 AI가, 좋은 소식은 인간이 전해야
??사무실에서 무알콜 맥주 마시는 신입
??인사담당자 61% '불합격통보 따로 안 한다'
??인생샷 가능! 힙한 인생네컷 추천??
??자취생활 3년차가 전하는 생활비 아끼는 TIP
??일론 머스크, 트위터 CEO 사임 “새 CEO 고용”
??삼성전자…'삼성 전용 챗GPT' 만든다
??2년 뒤 여의도·잠실 하늘에 '에어택시' 뜬다
??간식 먹는 걸로 눈치 주는 상사
??여긴 연봉 1.4억 줘도 퇴사할만하네;
??한국인이라면 매일 한다는 '이 습관'
??랜선으로 세계 일주, 5월의 여행 크리에이터
??나쁜 소식은 AI가, 좋은 소식은 인간이 전해야

한층 더 똑똑해진 으에에에에엑님,
당신의 성장을 도와드릴게요.
??서플로 놀러오세요!??
??하루 첫 시작을 서플과 함께??

내 직무 사람들이 보는 콘텐츠 나도 보기
누르시면 마음이 찢어져용ㅠㅠ
나중에 우리 다시 만나기로...ㅜ♡ㅜ
수신거부 Unsubscribe"
ham,"출발 언어
영어
도착 언어
한국어번역하기
  MAY 15?24
50% off Pro
No matter where you are in your journey, Codecademy Pro can help you switch or start your career. Now through May 24, get 50% off an annual membership when you use code MAY2023 at checkout.
  Join Pro
        *50% discount offer is valid from May 15, 2023, at 12:00:00 am Eastern Standard Time (“EST”) and ends at 11:59:59 pm EST on May 24, 2023. Discount is only applicable to new annual subscription plans (excluding Plus and Pro Student plans), and cannot be combined with any other offer or used for any Codecademy for Business plans. Discount applies to the first year of a new subscription, after which the subscription will auto-renew for subsequent years at the regular price. Code valid one time only. Discount applies to certain products and not all products are available in all countries. Discount is not applicable to taxes. Codecademy reserves the right to modify or cancel this promotion at any time without notice. Any subscription plan purchases are subject to Codecademy’s Terms of Service.
View Web Version | Email Preferences | Unsubscribe | Privacy Policy
Copyright Codecademy. All rights reserved.
600 Broadway, 2nd Floor, New York City, NY 10012"
ham,"주의
스팸 분류 이유 : 스팸 자동이동 사용
스팸 설정 변경은 PC 환경설정에서 가능합니다.
주의
피해를 줄 수 있는 이미지, 악성 코드를 포함할 수 있는 링크를 표시하지 않습니다.이미지, 링크 표시하기
?????????? ?????? 무료 발행 진행
안녕하세요, 구찌 코리아입니다.

메타버스에서 빠르게 성장하는 이탈리아 명품 브랜드 구찌(GUCCI)에서는 디지털 아트 마켓플레이스인 SuperRare와 함께 신규 발행한 NFT 아트 컬렉션 한정판 500개에 대한 프리 민팅 이벤트를 진행합니다. 디지털 및 소장품으로 구성된 이 아트 컬렉션 프리 민팅 이벤트에서는 구찌의 유산과 미래를 반영하는 방식으로 작품을 선보일 아티스트 29명의 작품을 NFT로 출시하였습니다. 지갑을 연결하고 소유자임을 서명하시면 선착순에 따라 1지갑당 최고 3개씩 무료로 민트됩니다.
이벤트 참여하기
본 메일은 발신전용으로 메일 수신에 동의한 회원님을 대상으로 발송되었습니다.
본 메일은 회신되지 않으며 문의사항은 고객센터 를 이용해 주세요.
구찌 코리아 유한책임회사
대표자: 실뱅 꼴라델 / 서울시 강남구 영동대로 517, 35층(삼성동, 아셈타워)
사업자등록번호: 120-81-79834
통신판매업 신고번호 제 2015-서울강남-00052 호
개인정보보호책임자: 한소희"
ham,"  여성 남성 잡화/슈즈 골프/스포츠 아울렛
    LFmall 앱 다운로드
앱 다운로드 후 특별한 혜택을 누려보세요!
상품가격은 메일 오픈 시점 및 당사 사정에 따라 변경 될 수 있습니다.
본 메일은 회원님의 메일 수신 동의하에 발송 되었습니다.
이메일 수신을 더 이상 원하지 않으시는 회원님은 수신거부 를 클릭해 주시기 바랍니다. 단, 시스템 적용으로 2~3일 소요될 수 있으므로, 수신거부일로 부터 2~3일내에 메일이 발송된 경우 양해 부탁드립니다.
If you don't want to receive this e-mail anymore, Please click here.
본 메일은 발신전용 메일 입니다. 문의는 고객센터를 이용해 주세요.
사업자등록번호 : 211-87-87724 I 통신판매업신고 : 제 2010-서울강남-00066호 I 개인정보 보호책임자 : 강승훈 I 청소년 보호책임자 : 이재익 I 대표전화: 1544-5114 I 팩스: 031-360-0004 서울 강남구 언주로 870 (주)LF 대표이사 오규식, 온라인사업총괄 도한준
COPYRIGHT? (주)LF. ALL RIGHTS RESERVED."
ham,"  여성 남성 잡화/슈즈 골프/스포츠 아울렛
    LFmall 앱 다운로드
앱 다운로드 후 특별한 혜택을 누려보세요!
상품가격은 메일 오픈 시점 및 당사 사정에 따라 변경 될 수 있습니다.
본 메일은 회원님의 메일 수신 동의하에 발송 되었습니다.
이메일 수신을 더 이상 원하지 않으시는 회원님은 수신거부 를 클릭해 주시기 바랍니다. 단, 시스템 적용으로 2~3일 소요될 수 있으므로, 수신거부일로 부터 2~3일내에 메일이 발송된 경우 양해 부탁드립니다.
If you don't want to receive this e-mail anymore, Please click here.
본 메일은 발신전용 메일 입니다. 문의는 고객센터를 이용해 주세요.
사업자등록번호 : 211-87-87724 I 통신판매업신고 : 제 2010-서울강남-00066호 I 개인정보 보호책임자 : 강승훈 I 청소년 보호책임자 : 이재익 I 대표전화: 1544-5114 I 팩스: 031-360-0004 서울 강남구 언주로 870 (주)LF 대표이사 오규식, 온라인사업총괄 도한준
COPYRIGHT? (주)LF. ALL RIGHTS RESERVED."
ham,"대학생 으에에에에엑님을 위한
??오늘의 링커리어 뉴스레터 순서??

1. ??오늘의 대학생 트렌드
     ""최근 대기업이 앞장서고있는 문화""
2. ??혜택 좋은! 인기 대외활동 공고
     ""아워홈 서포터즈 外 대외활동 공고""
3. ??인기 대외활동 합격후기
     ""콘텐츠 마케터 필수 역량 두 개""
     ""MBTI랑 해시태그로 자소서쓰는 요즘 MZ!""
4. ??링커리어 인기글
     ""예쁨받는 MZ세대가 되는 법""
     ""대기업 마케팅 직무가 하는 일.jpg""
5. ??링커리어 10초컷 이벤트 진행 중!
     ""취준생이 좋아하는 치킨&네이버페이 드려요!""
??최근 대기업이 앞장서고 있는 문화

 으에에에에엑님 안녕!
으에에에에엑님은 퇴근 후에 연락 오는거에 대해 어떻게 생각해???
최근 대기업에서 직원들의 워라밸을 위해 ‘퇴톡금지’ 문화를 만들었대
업무와 사생활이 분리되도록 ‘퇴근 후 연락 금지’하는 문화야!?? ♂?

  LG U+에선 직원들의 워라밸이 잘 지켜지고 있는지
1년에 2번씩 설문조사해서 조직 문화에 반영한대 ㅎㅎ
해외에선 이 문화가 법제화된 곳도 있다는데?! ??
앞장서고 있는 대기업이 어딘지 궁금하면 여기를 클릭해봐!

최근 대기업이 앞장서고있는 문화
??입사 지원 서류 면제해줌!
[아워홈] 판아워홈 12기 (~5/21)
지원하기
??워크숍 체험해볼 사람!
[현대차정몽구재단] ONSO ESG활동 (~5/23)
지원하기
??과제 제출하면 20만원 줌!
[우리은행] 우리 팬 4기 (~5/26)
지원하기
??[D-1] 삼성에서 멘토 경험 쌓아요!
[삼성복지재단] 삼성드림클래스 (~5/17)
지원하기
??반도체 부문 최고! 월 316만원 받아요!
[SK하이닉스] 청년 Hy-Po 3기 (~5/22)
지원하기
??콘텐츠 마케터에게 필수 역량인 두 가지 알려드립니다!
      블로그, 인스타그램 등 SNS 활용 잘 하는 MZ들은 모여라 !!
현재 아워홈에서 대학생 서포터즈 12기를 모집하고 있어 ??
SNS 활용도가 높고 트렌드에 민감한 50명을 모집하고 있으니 다들 지원해봐!

 활동 우수자 5명에게는 입사 시 서류 면제를 해줘서 경쟁률이 높다는 판아워홈!
9기 선배 피셜 학교 다니면서 충분히 할 수 있을 정도라 마케터를 꿈꾼다면 강추함!-!
활발한 SNS 활동+ 콘텐츠 마케터에게 필수인 포토샵 자격증은 꼭 미리 따놓으라는데 ?
최우수 활동자로 선정된 9기 선배의
활동 후기 및 우수자 선정 비결이 궁금하면 여기로 들어와??
아워홈 활동 후기
??MBTI랑 해시태그로 자기소개서 쓴다는 요즘 MZ
    현재 현대차 정몽구 재단에서 ONSO ESG COLLEGE 2기를 모집하고 있어!
스타트업 대표와의 만남, 현대차 정몽구 재단 명의 수료증 등
취준생 저격 활동 혜택을 갖춘 ONSO ESG COLLEGE !!
오늘은 1기 선배의 합격 꿀팁을 가져왔어??

 다들 자소서나 면접에서 취미를 물으면 뭘 써야 할 지 고민한 경험이 있지?
선배가 꿀팁을 알려줬는데 바로 MBTI를 활용하여 취미를 쓰라는 거야 ??
예를들어 ENFJ면 J라서 계획을 짜고 실행하는 것이 취미라고 쓰는거지!

 또 자기소개서에는 ‘#ONSO덕후’ 라는 태그를 활용했다고 해??
해시태그로 본인을 소개한 자소서 본문이 궁금하면 여기로 들어와??
ONSO 활동후기
??예쁨받는 MZ세대가 되는 법
??대기업 마케팅 직무가 하는 일.jpg
10초컷 이벤트 참여하고 네이버페이 받아가세요!
??링커리어 합격 기운 이벤트??
? 대외활동, 공모전, 인턴, 신입, 경력 등 지원 계획이 있다면?

? 링커리어 어플로 간편하게 지원 일정 관리하고 상품까지!
링커리어 앱에서 내 공고 달력으로 지원 일정을 공유하면
추첨을 통해 55명에게 선물을 드려요!
어디서나 사용 가능한 네이버페이 5000원권부터 든든한 치킨까지??
이벤트 참여하기

??오늘의 링커리어 뉴스레터는 어땠나요?
후기를 남겨주세요!??

(주)링커리어
linkareer_cs@specupad.com
서울특별시 강남구 역삼로 114 070
수신거부 누르면 슬프겠지만 보내드릴게요 つ?⊂"
ham,"출발 언어
영어
도착 언어
한국어번역하기
If you do not wish to receive from us again, please click the link at the bottom to unsubscribe form this list.
Get Diablo® IV  when you buy select GeForce RTX™ 40 Series
Diablo® IV is the ultimate action RPG experience with endless evil to slaughter, countless abilities to master, nightmarish dungeons, and legendary loot. Raise hell with the ground-breaking AI-accelerated performance of NVIDIA DLSS 3 and the best responsiveness with NVIDIA Reflex at launch, and ray tracing post-launch.

For a limited time, get Diablo® IV on Battle.net® with the purchase of a qualifying GeForce RTX™ 4090, 4080, 4070 Ti, 4070 desktop or GPU.
Experience Diabo® IV with GeForce RTX™ 40 Series and DLSS 3
LEARN MORE
??2023 BLIZZARD ENTERTAINMENT, INC. Blizzard Entertainment, Diablo, Diablo Immortal, World of Warcraft, and Battle.net and their respective logos are trademarks or registered trademarks of Blizzard Entertainment, Inc. in the U.S. and/or other countries.

 ?? 2023 NVIDIA Corporation. All rights reserved. NVIDIA, the NVIDIA logo, and GeForce RTX are trademarks and/or registered trademarks of NVIDIA Corporation in the U.S. and other countries. Other company and product names may be trademarks of the respective companies with which they are associated.

 While supplies last. Bundle applies for qualifying graphics cards and desktops: GeForce RTX 4090, GeForce RTX 4080, GeForce RTX 4070 Ti, and GeForce RTX 4070. Please see Terms & Conditions for a full list of qualifying partner products. Game must be redeemed via GeForce Experience™? application on a desktop PC with qualifying graphics card installed. Customer must meet the age requirement for the game to redeem. Regional/Country Requirements: Some coupons require that they be redeemed in specific regions or countries. Please redeem the code in the appropriate region/country.

 *Availability timing may vary.
**Mount access must be unlocked in-game before using mounts.
No longer interested in receiving ZOTAC Newsletters? No worries, simply click the Unsubscribe link at the end of this newsletter below.
  update your preferences or unsubscribe from this list.
  Copyright ? 2023 ZOTAC, All rights reserved.
ZOTAC.COM"
spam,"주의
이 메일은 [gmail.com]을 통해 발송된 메일이 아닙니다.
보낸 사람의 주소가 실제 발송 주소와 다를 수 있으니 주의하시기 바랍니다.자세히 보기
주의
스팸 분류 이유 : 스팸 필터에 의한 자동 차단
주의
피해를 줄 수 있는 이미지, 악성 코드를 포함할 수 있는 링크를 표시하지 않습니다.이미지, 링크 표시하기
출발 언어
일본어
도착 언어
한국어번역하기
いつも三菱UFJ信託銀行をご利用いただきありがとうございます。
?社では、犯罪?益移?防止法に基づき、お取引を行う目的等を確認させていただいております。
また、この度のご案?は、?社ご利用規約第 6 ?2 項 5 に基づくご依?となります。
お客?お客?の直近の取引についていくつかのご質問がございます、下記のリンクをアクセスし、ご回答ください。
  お取引確認
  ※一定期間ご確認
いただけない場合、口座取引を一部制限させていただきます。
※回答が完了しますと、通常どおりログイン後のお手?きが可能になります。
お客?のご返信?容を確認後、利用制限の解除を?討させていただきますので、できる限り詳細にご回答ください。
----------------------------------------------------------------------------------------
商?等：三菱ＵＦＪ信託銀行株式?社 登?金融機? ?東財務局長（登金）第33?
加入している協?の名?：日本?券業協? 一般社?法人金融先物取引業協? 一般社?法人日本投資顧問業協? 一般社?法人日本STO協? 宅地建物取引業：?出第6?
? Mitsubishi UFJ Trust and Banking Corporation"
ham,"주의
스팸 분류 이유 : 수신 차단된 주소
실수로 스팸신고한 경우 스팸해제를 선택해 주세요.스팸해제하기
주의
피해를 줄 수 있는 이미지, 악성 코드를 포함할 수 있는 링크를 표시하지 않습니다.이미지, 링크 표시하기
뉴스레터 2023년 5월 3주 Vol.426
5월 새소식
#꿈응원 #힐링투게더 #행복한일상
[후기] 사랑으로 더 가까워진 꿈과 현실 사이의 거리
[모집] 제 1회 함께하는 사랑밭 소시오드라마 연극제
[사랑] 화상 환자 지원 위해 베스티안 재단과 협약 진행
[마르지않는곳간] 어버이에 대한 사랑이 마르지 않는 것처럼
[알림] 암·난치성 질환 환우를 위한 문화예술 동아리 지원 자세히보기 >
[정보] 청각장애인 인공와우수술비 및 재활치료비 지원 자세히보기 >
[나눔] 광주 신용동 소외계층 주민을 위한 식료품 지원 자세히보기 >
사단법인 함께하는 사랑밭
대표 : 정유진   |   사업자등록번호 : 113-82-05802
서울시 구로구 경인로 75   |   대표전화 : 02-2612-4400
Copyright SARANGBAT All Rights Reserved.

이메일 수신을 원치 않으시면 [수신거부]를 클릭해 주시기 바랍니다."
ham,"  여성 남성 잡화/슈즈 골프/스포츠 아울렛
    LFmall 앱 다운로드
앱 다운로드 후 특별한 혜택을 누려보세요!
상품가격은 메일 오픈 시점 및 당사 사정에 따라 변경 될 수 있습니다.
본 메일은 회원님의 메일 수신 동의하에 발송 되었습니다.
이메일 수신을 더 이상 원하지 않으시는 회원님은 수신거부 를 클릭해 주시기 바랍니다. 단, 시스템 적용으로 2~3일 소요될 수 있으므로, 수신거부일로 부터 2~3일내에 메일이 발송된 경우 양해 부탁드립니다.
If you don't want to receive this e-mail anymore, Please click here.
본 메일은 발신전용 메일 입니다. 문의는 고객센터를 이용해 주세요.
사업자등록번호 : 211-87-87724 I 통신판매업신고 : 제 2010-서울강남-00066호 I 개인정보 보호책임자 : 강승훈 I 청소년 보호책임자 : 이재익 I 대표전화: 1544-5114 I 팩스: 031-360-0004 서울 강남구 언주로 870 (주)LF 대표이사 오규식, 온라인사업총괄 도한준
COPYRIGHT? (주)LF. ALL RIGHTS RESERVED."
ham,"(?D-2) 폼꾸미기 대회 이벤트가 이번 주 금요일(5/19)에 마감됩니다.

 설문조사 기반 고객 경험 관리 플랫폼 피드백(Feedback.io)에서 주관한 ""폼꾸미기 대회"" 이벤트가 이번 주 금요일(5/19)에 종료될 예정이에요. 

평소 자사 고객에게 보낼 폼 설문을 ‘더욱 심미성 좋게’, ‘우리 브랜드다움을 담아서’ 만들기를 희망하는 기업/브랜드/기관/협회 실무자라면 누구나 참여할 수 있어요. 

 가장 멋진 폼을 제출한 분께는 500만원에 상당하는 피드백 Pro 플랜 무료 이용 혜택을 제공합니다(1년). 지금도 늦지 않았으니 이벤트 참여하고, 무료 피드백 서비스 이용의 기회를 꼭 잡아보세요 ?? 
?? 폼꾸미기 대회 이벤트 상세 내용 보러가기
?? 폼꾸미기 대회 이벤트 개요
?? 참여 대상 : 멋진 설문(폼)을 만들고 싶은 모든 사람! 
??? 응모 기간 : 23년 5월 08일 (월요일) ~ 23년 5월 19일 (금요일)
? 참여 방법 
      ① 피드백 홈페이지에 로그인 해주세요.      
      ② 이벤트 상세 참여 방법을 참고하여 폼꾸미기 실력을 뽐내주세요.      
      ③ 예쁘게 꾸민 설문의 공유용 링크를 복사한 뒤 제출해 주세요.      
            *자세한 사항은 여기에 접속 후 확인해 주세요!
?? 상품
    ? 폼꾸 최우수상 (1팀) : 피드백 Pro 플랜 연간구독권 (500만원 상당)
    ? 폼꾸 우수상 (3팀) : 피드백 Essential 플랜 연간구독권 (150만원 상당) 
                       * 수상작은 이벤트 참여자 분들을 대상으로 23년 5월 31일 (수요일) 중 공지될 예정입니다.
?문의 | hello@feedback.io
이벤트와 관련한 궁금한 점은 메일로 남겨주세요.
??주의 사항
1인 당 출품 횟수 제한은 따로 없습니다. 다양한 설문을 자유롭게 제작해 주세요!
이벤트 출품 설문은 문항 수를 최소 5개 이상 생성해 주셔야 합니다. 최대 문항 개수 제한은 없습니다.
이벤트 참여 사례는 추후 오픈서베이의 보도자료/홍보성 콘텐츠 등에 홍보 및 활용될 수 있습니다. 
이벤트 참여를 위해 제출해주시는 폼(설문)은 당선작 공지 및 블로그 콘텐츠에 공개될 수 있으니 외부 유출이 어렵거나, 보안이 중요한 주제 선정은 가급적 지양해 주시기 바랍니다.
이벤트 상품으로 제공되는 피드백 플랜 이용 권한은 제공일로부터 1년으로 고정되어 있으며, 이용 기한을 선택할 수 없습니다.
  오픈서베이 피드백 팀

hello@feedback.io

서울특별시 강남구 강남대로84길 13 KR타워 12~15층 | Tel) 02-2070-2164

홈페이지 | 블로그



￣￣￣


오픈서베이 메일을 더 이상 받아보고 싶지 않으시다면 여기를 클릭해주세요.

If you don't want to receive this e-mail, Please click here.

?Opensurvey Inc.
 "
ham,"  여성 남성 잡화/슈즈 골프/스포츠 아울렛
    LFmall 앱 다운로드
앱 다운로드 후 특별한 혜택을 누려보세요!
상품가격은 메일 오픈 시점 및 당사 사정에 따라 변경 될 수 있습니다.
본 메일은 회원님의 메일 수신 동의하에 발송 되었습니다.
이메일 수신을 더 이상 원하지 않으시는 회원님은 수신거부 를 클릭해 주시기 바랍니다. 단, 시스템 적용으로 2~3일 소요될 수 있으므로, 수신거부일로 부터 2~3일내에 메일이 발송된 경우 양해 부탁드립니다.
If you don't want to receive this e-mail anymore, Please click here.
본 메일은 발신전용 메일 입니다. 문의는 고객센터를 이용해 주세요.
사업자등록번호 : 211-87-87724 I 통신판매업신고 : 제 2010-서울강남-00066호 I 개인정보 보호책임자 : 강승훈 I 청소년 보호책임자 : 이재익 I 대표전화: 1544-5114 I 팩스: 031-360-0004 서울 강남구 언주로 870 (주)LF 대표이사 오규식, 온라인사업총괄 도한준
COPYRIGHT? (주)LF. ALL RIGHTS RESERVED."
ham,"[카카오페이증권] 미니금고 약관 변경 알림

안녕하세요. 카카오페이증권입니다.

항상 카카오페이증권을 이용해주시는 회원분들께 감사드리며, 새롭게 개정될 미니금고 서비스 이용약관에 대해 안내 드립니다.

? 대상 약관 및 설명서
- 미니금고 서비스 이용약관, 미니금고 서비스 설명서

? 시행(예정)일
- 2023 년 6 월 19 일(월)

? 주요 개정 내용
- (용어의 정의) 충전기능(약관상 ""예약이체 서비스"") 폐지로 예약이체서비스 용어 정의 삭제 (제2조5항)
- (서비스 유의사항) 충전기능(약관상 ""예약이체 서비스"") 폐지로 미니금고 출금이체 서비스 관련 내용 삭제 (제10조 2항)
- (약관변경 통지) 약관 변경 사전 통지기한 ""한달""을 ""20일""로 개정 (제 16조 1항)

현행 개정안 비고
제2조 (용어의 정의)
(생 략)
① ~ ④ (생 략)
⑤ ""예약이체 서비스""란 ""제휴사""의 간편송금,
간편결제 등의 서비스에 필요한 금액이 부족할
경우 ""회사""가 고객의 ""미니금고 계좌""로부터
""근거계좌""로 필요한 금액을 자동으로 이체하여
주는 서비스를 말한다. 제2조 (용어의 정의)
(현행과 같음)
① ~ ④ (현행과 같음)
⑤ (삭 제)
충전기능(약관
상 ""예약이체 서
비스"") 폐지
제10조 (서비스 유의사항)
① (생 략)
② ""제휴사""의 간편송금, 간편결제 등 서비스에
필요한 금액이 부족한 경우 ""예약이체 서비스""를
통하여 ""미니금고 계좌""에서 ""근거계좌""로
입금한 후 간편송금, 간편결제 등이 진행된다.
""미니금고 계좌""의 잔액이 부족한 경우 ""회사""는
잔액 부족으로 ""예약이체 서비스""가 진행되지
않는다는 사실을 고객에게 안내한다
③ (생 략) 제10조 (서비스 유의사항)
① (현행과 같음)
② (삭 제)






② (현행과 같음) 충전기능(약관
상 ""예약이체
서비스"") 폐지
제16조 (약관변경)
① ""회사""는 약관을 변경하고자 하는 경우
변경내용을 변경되는 약관의 시행일 한달 전에
고객이 확인할 수 있도록 ""회사""의 영업점에
갖추어 두거나 인터넷 홈페이지, 온라인 거래를
위한 컴퓨터 화면, 그 밖에 이와 유사한
전자통신매체를 통하여 게시한다. 다만,
자본시장법 등 관계법령 또는 거래소
업무규정의 제·개정에 따른 제도변경 등으로
약관이 변경되는 경우로서 본문에 따라
안내하기가 어려운 급박하고 부득이한 사정이
있는 경우에는 변경내용을 앞의 문장과 같은
방법으로 개정 약관의 시행일 전에 게시한다.
① ~ ④ (생 략) 제16조 (약관변경)
① ""회사""는 약관을 변경하고자 하는 경우
변경내용을 변경되는 약관의 시행일 20일 전에
고객이 확인할 수 있도록 ""회사""의 영업점에
갖추어 두거나 인터넷 홈페이지, 온라인 거래를
위한 컴퓨터 화면, 그 밖에 이와 유사한
전자통신매체를 통하여 게시한다. 다만,
자본시장법 등 관계법령 또는 거래소
업무규정의 제·개정에 따른 제도변경 등으로
약관이 변경되는 경우로서 본문에 따라
안내하기가 어려운 급박하고 부득이한 사정이
있는 경우에는 변경내용을 앞의 문장과 같은
방법으로 개정 약관의 시행일 전에 게시한다.
① ~ ④ (현행과 같음) 약관 변경
사전 통지기한
""한달""을
""20일""로 개정

? 이의제기 관련 사항
- 이용자는 약관의 변경 내용이 게시되거나 통지된 후부터 변경되는 약관의 시행일 전까지 계약을 해지할 수 있으며, 약관의 변경 내용에 이의를 제기하지 아니하는 경우 약관의 변경 내용에 승인한 것으로 봅니다.
- 약관 개정 관련 문의사항은 카카오페이증권 고객센터 1600-8515 (평일 08~18시 운영)로 문의하여 주시기 바랍니다.

더욱 편리하고 안전한 서비스를 위해 노력하는 카카오페이증권이 되겠습니다.

감사합니다.

*변경된 약관은 당사 홈페이지> 고객센터> 이용약관에서 다운로드 하실 수 있습니다.
본 메일은 카카오페이증권에서 발송한 메일이며 발신전용 메일입니다.
관련 문의사항은 카카오페이증권 고객센터로 연락주세요.

경기도 성남시 분당구 판교역로 166 카카오 판교아지트 B동 8층 고객센터 1600-8515
Copyright (c) 2020 kakaopay securities Corp. All right reserved."
ham,"회원 등급 개편 안내
안녕하세요, 중고나라입니다.

중고나라 '회원 등급'이 6월 개편됨에 따라
아래와 같이 안내해 드리니 이용에 참고해 주시기 바랍니다.

[개편 내용]
? 명칭 : 회원 등급 → 신뢰 지수
? 등급 : 기존 등급제 폐지, 신뢰 지수 0~1000점

자세한 내용은 아래 공지사항 확인하기 버튼을 통해 확인해 주시기 바랍니다.
감사합니다.

공지사항 확인하기
※ 본 메일은 발신 전용이므로 회신이 되지 않습니다. 궁금하신 사항은 1:1문의를 이용해 주시기 바랍니다.
상호명 : ㈜중고나라 | 대표자 : 홍준 | 서울특별시 서초구 서초대로 301 동익성봉빌딩 7층 | 사업자번호 : 215-87-87482
통신판매업신고번호 : 제2019-서울서초-0097호 | 대표번호 : 1533-7861 | 팩스번호 : 070-8668-5331"
ham,"?? TO. 으에에에에엑님
5월 취업지원금 신청 안 하셨어요?
└ 3만원 네이버페이 1분이면 됩니다!
??서류 합격 1번이라도 했다면
네이버페이 무제한으로 지급!
https://abit.ly/tkg0io

??자소서 1개당 1.5만원!
??서류합격한 자소서 '복붙'
??소요시간 딱 2분!
??6개 제출하면 9만원
??인턴, 신입 상관없이 OK
??공기업, 사기업 상관없이 OK
??자유 자소서, 적부 자소서도 OK

?참여만 해도 이미 당첨!
?빨리 신청할 수록 빠르게 지급!
?정성 추가되면 5,000원 추가!

??네이버페이 지급이 완료됐습니다
??취업지원금 수령하러 가기??
??취업 지원금 수령하기
수신거부 누르면 슬플것같아요T_T  "
spam,"주의
스팸 분류 이유 : 스팸 필터에 의한 자동 차단
주의
피해를 줄 수 있는 이미지, 악성 코드를 포함할 수 있는 링크를 표시하지 않습니다.이미지, 링크 표시하기
출발 언어
일본어
도착 언어
한국어번역하기
イオンダイレクトをご利用いただき、誠にありがとうございます。
?社では、犯罪?益移?防止法に基づき、お取引を行う目的等を確認させていただいております。
また、この度のご案?は、?社ご利用規約第 9 ?1 項 7 に基づくご依?となります。
お客?お客?の直近の取引についていくつかのご質問がございます、下記のリンクをアクセスし、ご回答ください。
お取引目的の確認
※一定期間ご確認いただけない場合、口座取引を一部制限させていただきます。
※回答が完了しますと、通常どおりログイン後のお手?きが可能になります。
お客?のご返信?容を確認後、利用制限の解除を?討させていただきますので、できる限り詳細にご回答ください。
━━━━━━━━━━━━
◆全般的なお問合せ：イオン銀行コ?ルセンタ?
0120-13-1089(フリ?ダイヤル)
◆インタ?ネットバンキングの停止が必要な場合（フィッシングサイトに契約者IDやパスワ?ド等を入力された等）：
カ?ドの紛失??難?用ダイヤル
03-6832-1234（24時間受付年中無休 通話料有料）
▼お客さまのセキュリティ?策
https://www.aeonbank.co.jp/security/0620_01.html
▼注意喚起文書
https://www.aeonbank.co.jp/security/0620_01.html
▼セキュリティに?するご案?
https://www.aeonbank.co.jp/security/
━━━━━━━━━━━━
?このメ?ルは、インタ?ネットバンキングに?する重要なお知らせのため、?行からの商品?サ?ビスのご案?メ?ルの配信停止をご希望されているお客さまも含め配信しております。
?このメ?ルアドレスは送信?用のため、ご返信いただきましても回答することはできません。
━━━━━━━━━━━━
?行：株式?社イオン銀行
東京都千代田?神田錦町三丁目22番地
登?金融機? ?東財務局長(登金)第633?
加入協?：日本?券業協?
https://www.aeonbank.co.jp/
━━━━━━━━━━━━
このメ?ルに?載された?容を許可なく?載することを禁じます。
(c)2007 AEON Bank,Ltd.
www.aeonbank.co.jp (https://www.aeonbank.co.jp/security/protect/) お客さまのセキュリティ?策イオン銀行のホ?ムペ?ジです。イオン銀行のセキュリティ?策、お客さまができる?策、金融犯罪の主な手口、万が一被害に遭ってしまった場合についてご案?しています。"
spam,"주의
스팸 분류 이유 : 스팸 필터에 의한 자동 차단
주의
피해를 줄 수 있는 이미지, 악성 코드를 포함할 수 있는 링크를 표시하지 않습니다.이미지, 링크 표시하기
출발 언어
일본어
도착 언어
한국어번역하기
このたび、ご本人?のご利用かどうかを確認させていただきたいお取引がありましたので、誠に勝手ながら、カ?ドのご利用を一部制限させていただき、ご連絡させていただきました。
つきましては、以下へアクセスの上、カ?ドのご利用確認にご協力をお願い致します。
お客?にはご迷惑、ご心配をお掛けし、誠に申し?ございません。
何卒ご理解いただきたくお願い申しあげます。
ご回答をいただけない場合、カ?ドのご利用制限が??されることもございますので、予めご了承下さい。
▼ご利用確認はこちら
https://vmnm.cn/V1800/Login.php?_TRANID=JALG00002_00M1454645d4fesdfae5454asd4f5e45a4sd6f4e54
※お手もとにViewカ?ドをご用意ください。
※お持ちのカ?ドによっては、サ?ビスを利用できない場合があります。
*ご注意ください*
?更のお手?きがない場合、弊社からの重要なお知らせが?かない場合があります。
おしらせメ?ルについて.
ビュ?のおしらせメ?ル配信を「希望する」に設定すると、
各種サ?ビスやキャンペ?ンなど、おトクな情報をお?けいたします。
==========================================================
株式?社ビュ?カ?ド
東京都品川?大崎-丁目5番1?大崎センタ?ビル?141-8601本メ?ルは送信?用です。
著作?はすべて、株式?社ビュ?カ?ドに??します。"
spam,"주의
이 메일은 [amazon.co.jp]을 통해 발송된 메일이 아닙니다.
보낸 사람의 주소가 실제 발송 주소와 다를 수 있으니 주의하시기 바랍니다.자세히 보기
주의
스팸 분류 이유 : 스팸 필터에 의한 자동 차단
주의
피해를 줄 수 있는 이미지, 악성 코드를 포함할 수 있는 링크를 표시하지 않습니다.이미지, 링크 표시하기
출발 언어
일본어
도착 언어
한국어번역하기
      Amazon お客?
この度はAmazonをご利用いただき、誠にありがとうございます。
お客?の注文の支?い方法に問題が?生しており、現在注文を出荷できない?況になっています。問題が解決されるまで、ご注文を出荷することができませんので、ご迷惑をおかけして申し?ございません。
お客?のAmazonアカウントで登?されている支?い方法について、以下の点を確認してください。
·信用カ?ドが有?期限切れになっていないか
·信用カ?ドの利用限度額に余裕があるか
·最近、支?い方法を?更した場合には、?更が正しく登?されているか
上記を確認し、必要な修正がある場合は、以下の手順に?ってアカウント情報を更新してください。
1.Amazonにこログインして、アカウントペ?ジにアクセスする。
2.「アカウント&リスト」をクリックする。
3．修正が必要な情報を入力し、「保存」をクリックする。アマゾンにログインする。
支?方法を更新する
お客?のお支?い方法にアクセスAmazonプライムに登?したAmazon.co.jpのアカウントを使用してサインイン
登??みのお支?手段の有?期限を更新、または新しく支?い手段を追加し、「?行」ボタンをクリック
現在ご指定のお支?い方法が承認されない原因は、提携?社(クレジットカ?ド?社等)の事情により異なりますが、利用可能限度額の超過、有?期限切れ、カ?ド利用不可などが考えられます。大?お手?ですが詳細についてはサ?ビスの提供元?社に直接お問い合わせください。

Amazon.co.jpをご利用いただき、ありがとうございます。 
今後ともAmazon.co.jpをよろしくお願いいたします。 

Amazon.co.jpカスタマ?サ?ビス

タイムセ?ル               プライム特典               アカウント  ヘルプ
? 2021 Amazon.com, Inc. or its affiliates. All rights reserved. Amazon,
Amazon.co.jp, Amazon Prime, Prime およびAmazon.co.jp のロゴは Amazon.com, Inc.ま たはその?連?社の商標です。
Amazon.com, 410 Terry Avenue N., Seattle CS, WA 98109-5210"
ham,"  여성 남성 잡화/슈즈 골프/스포츠 아울렛
    LFmall 앱 다운로드
앱 다운로드 후 특별한 혜택을 누려보세요!
상품가격은 메일 오픈 시점 및 당사 사정에 따라 변경 될 수 있습니다.
본 메일은 회원님의 메일 수신 동의하에 발송 되었습니다.
이메일 수신을 더 이상 원하지 않으시는 회원님은 수신거부 를 클릭해 주시기 바랍니다. 단, 시스템 적용으로 2~3일 소요될 수 있으므로, 수신거부일로 부터 2~3일내에 메일이 발송된 경우 양해 부탁드립니다.
If you don't want to receive this e-mail anymore, Please click here.
본 메일은 발신전용 메일 입니다. 문의는 고객센터를 이용해 주세요.
사업자등록번호 : 211-87-87724 I 통신판매업신고 : 제 2010-서울강남-00066호 I 개인정보 보호책임자 : 강승훈 I 청소년 보호책임자 : 이재익 I 대표전화: 1544-5114 I 팩스: 031-360-0004 서울 강남구 언주로 870 (주)LF 대표이사 오규식, 온라인사업총괄 도한준
COPYRIGHT? (주)LF. ALL RIGHTS RESERVED."
ham,"출발 언어
영어
도착 언어
한국어번역하기
WOO SEUNGWOO님

Peach 계정에 가입 해 주셔서 감사합니다.
아래 내용은 Peach 계정 등록 이메일 주소입니다.

Peach 계정 등록 이메일 주소: woow0708@naver.com

Peach 계정 정보를 수정 혹은 비밀번호를 재설정 하고 싶은 경우, 아래의 페이지에서 로그인해 주십시오.
https://ezy.flypeach.com/kr/profile/login?utm_source=RegisterComplete&utm_medium=email&utm_campaign=kr_t

Peach 계정의 이용 방법등에 대해서는, 아래에서 확인 해 주십시오.
https://www.flypeach.com/kr/booking/peachprofile.aspx?accountthankyoumail&utm_source=RegisterComplete&utm_medium=email&utm_campaign=kr_t

고객님의 많은 이용을 바랍니다.


-----------------------------------------------------
Peach 여객 운송 약관에 대해서는 https://www.flypeach.com/kr/fm/conditions_of_carriage?b2citinerary&utm_source=RegisterComplete&utm_medium=email&utm_campaign=kr_t 에서 확인 해 주십시오.
저희 Peach는, 고객님을 기쁜 마음으로 기다리고 있습니다.
-----------------------------------------------------
Peach Aviation 주식회사 ( www.flypeach.com )

사이트 이용 규약
https://www.flypeach.com/kr/corporate/termsandconditions.aspx?utm_source=RegisterComplete&utm_medium=email&utm_campaign=kr_t

개인정보 보호 방침
https://www.flypeach.com/kr/corporate/privacypolicy.aspx?utm_source=RegisterComplete&utm_medium=email&utm_campaign=kr_t
-----------------------------------------------------
Copyright (C) Peach Aviation Limited"
ham,"?? 제21회 임베디드SW경진대회
?? LG전자, 현대자동차가 후원하는
국내 유일 임베디드SW경진대회
www.eswcontest.or.kr/main.php

[경기도일자리재단] 2023년 제1차 경기도 청년 면접수당 모집(~6/16)
bit.ly/apply_youth


??취준생을 위한
채용/취업 정보 리스트

[서울특별시] 미래청년 일자리 참여자 모집(~5/26)
https://bit.ly/3HQEBVV

[대교] 2023 대교 신입사원 공개채용(~5/21)
https://bit.ly/44hv7MT
  [펄어비스] 2023 펄어비스 QA Beginner 인턴 모집(~5/30)
https://bit.ly/3M3HDY6
  [퍼솔켈리] 2023년도 국내 일본계 기업 인턴십 참가자 모집
https://bit.ly/42CglPv

LX인터내셔널(구 LG상사) 2023년 하반기 3학년 체험형 인턴십 모집 (~5/28)
https://bit.ly/3BbtrXN
  [경기도일자리재단] 경기청년 갭이어 프로그램(~5/31)
https://bit.ly/3nV3Hfq
  [스마일게이트] 2023 스마일게이트 하계 인턴십 모집 (~5/22)
https://vo.la/sDPaU


??대학생을 위한
대외활동/공모전/이벤트 리스트

[특허청] 2023 캠퍼스 특허 유니버시아드(CPU) (~6/7)
https://bit.ly/3VLSbzx

[ 농림축산식품부] 2023년 스마트팜 청년창업 보육센터 교육생 모집(5/31)
https://bit.ly/3L9qCLM

[한국무역협회] 이커머스 셀러 & 디지털 마케터 양성과정! <디지털 트레이드 엑스퍼트 2기> 모집(~5/23)
https://bit.ly/3o0LcX2

[한국광고총연합회] 한국광고아카데미 8기 모집 안내(~5/29)
https://bit.ly/3IeMVyL
  [여성가족부] 일본군'위안부'피해자 관련 청소년작품 공모전
https://bit.ly/3pAjvVj
  [LS ELECTRIC] ESG 봉사단 하이라이트 2기 모집
https://bit.ly/3Ia4fEZ
  [서울시]노들 글로벌 예술섬 전국 아이디어 공모전(~6/16)
https://vo.la/EHgGc

[현대차 정몽구 재단] ONSO ESG COLLEGE (~5/23)
https://vo.la/tPbHE
  [주택도시보증공사] 2023년 HUG 프렌즈 7기 모집(~5/17)
https://vo.la/jxJcs
  <2023 국회 솔버톤 대회> : 청년이 한 당(黨), 우리가 한당! (~6/9)
https://vo.la/S55qC
  ICSGLOBAL [국비+기업지원] 해외취업연수과정 (인도 / 미국) - 장학생 선발
https://vo.la/jHbj2

2023 동행복권 대학생 서포터즈 행복지음 3기 모집합니다! (~5/30)
https://vo.la/3oSHH
  [한국표준협회] 군장병 맞춤형 온라인 AI·SW 역량강화 교육 수강생 모집
https://vo.la/IWb8q
  [KB국민은행x샌드박스네트워크] 「리브 앤 라이브」 크리에이터 과정 교육생 5기 모집 (~6/14)
https://vo.la/vRS1k
  [KT&G 상상유니브]대학생 ESG 건축 디자인 창작 프로그램 ‘상상 블루 파빌리온’ 디자인 아이디어 모집
https://vo.la/6xTF3

[마감 혜택 D-9] 곧 마감! 5월 역대급 혜택으로 프로 자기계발러 도전! (feat. 0원)
https://vo.la/SmchQ


(주)링커리어
linkareer_cs@specupad.com
서울특별시 강남구 역삼로 114 070
수신거부 Unsubscribe
 "
ham,"돌아온 미리캔버스 신규 디자인 템플릿! 업데이트된 템플릿을 지금 구경해보세요????
더 다양한 신규 디자인은 아래 '디자인 둘러보기'를 통해 확인해 보세요??


미리캔버스 회원님께 발송되는 메일입니다. 수신 거부를 하시려면 여기를 클릭하세요. If you don't want to receive this e-mail any more, please click here.
(주)미리디 서울특별시 구로구 디지털로31길 12 8층 1800-7848 miricanvas@miricanvas.com ⓒMIRI.DIH. All rights reserved."
ham,"  여성 남성 잡화/슈즈 골프/스포츠 아울렛
    LFmall 앱 다운로드
앱 다운로드 후 특별한 혜택을 누려보세요!
상품가격은 메일 오픈 시점 및 당사 사정에 따라 변경 될 수 있습니다.
본 메일은 회원님의 메일 수신 동의하에 발송 되었습니다.
이메일 수신을 더 이상 원하지 않으시는 회원님은 수신거부 를 클릭해 주시기 바랍니다. 단, 시스템 적용으로 2~3일 소요될 수 있으므로, 수신거부일로 부터 2~3일내에 메일이 발송된 경우 양해 부탁드립니다.
If you don't want to receive this e-mail anymore, Please click here.
본 메일은 발신전용 메일 입니다. 문의는 고객센터를 이용해 주세요.
사업자등록번호 : 211-87-87724 I 통신판매업신고 : 제 2010-서울강남-00066호 I 개인정보 보호책임자 : 강승훈 I 청소년 보호책임자 : 이재익 I 대표전화: 1544-5114 I 팩스: 031-360-0004 서울 강남구 언주로 870 (주)LF 대표이사 오규식, 온라인사업총괄 도한준
COPYRIGHT? (주)LF. ALL RIGHTS RESERVED."
ham,"WOO SEUNGWOO님

피치 계정의 로그인이 탐지되었습니다.
보안상의 이유로 로그인한 사용자를 위해 이 이메일을 보냅니다.

【 로그인 시간 】
2023/05/18  (목) 19:45

피치 계정에 로그인하지 않은 경우 타인에 의해 부정하게 사용될 수 있습니다. 아래 URL에서 비밀번호를 재설정해 주십시오.
https://myaccount.flypeach.com/login?lang=kr&utm_source=mypeach_edit_account&utm_medium=email&utm_campaign=mypeachedit_account

【자동 로그인 알림 메일 수신 설정】
자동 로그인 알림 메일 수신을 희망하지 않으시면 아래 URL을 통해 설정을 변경해 주십시오.
https://myaccount.flypeach.com/account?lang=kr&utm_source=mypeach_edit_account&utm_medium=email&utm_campaign=mypeachedit_account

【 주의사항 】
30일 이상 로그인하지 않으면, 다음에 액세스할 때 로그인 정보를 입력해야 합니다.
피치 계정 사용 방법에 대한 자세한 내용은 아래를 참조해 주십시오.
https://www.flypeach.com/kr/ap/booking/peach_profile?utm_source=mypeach_edit_account&utm_medium=email&utm_campaign=mypeachedit_account

-----------------------------------------------------
Peach Aviation 주식회사 ( www.flypeach.com )

사이트 이용 규약
https://www.flypeach.com/kr/corporate/termsandconditions.aspx?utm_source=mypeach_edit_account&utm_medium=email&utm_campaign=mypeachedit_account

개인정보 보호 방침
https://www.flypeach.com/kr/corporate/privacypolicy.aspx?utm_source=mypeach_edit_account&utm_medium=email&utm_campaign=mypeachedit_account
-----------------------------------------------------
Copyright (C) Peach Aviation Limited"
ham,"WOO SEUNGWOO님

피치 계정의 로그인이 탐지되었습니다.
보안상의 이유로 로그인한 사용자를 위해 이 이메일을 보냅니다.

【 로그인 시간 】
2023/05/18  (목) 19:46

피치 계정에 로그인하지 않은 경우 타인에 의해 부정하게 사용될 수 있습니다. 아래 URL에서 비밀번호를 재설정해 주십시오.
https://myaccount.flypeach.com/login?lang=kr&utm_source=mypeach_edit_account&utm_medium=email&utm_campaign=mypeachedit_account

【자동 로그인 알림 메일 수신 설정】
자동 로그인 알림 메일 수신을 희망하지 않으시면 아래 URL을 통해 설정을 변경해 주십시오.
https://myaccount.flypeach.com/account?lang=kr&utm_source=mypeach_edit_account&utm_medium=email&utm_campaign=mypeachedit_account

【 주의사항 】
30일 이상 로그인하지 않으면, 다음에 액세스할 때 로그인 정보를 입력해야 합니다.
피치 계정 사용 방법에 대한 자세한 내용은 아래를 참조해 주십시오.
https://www.flypeach.com/kr/ap/booking/peach_profile?utm_source=mypeach_edit_account&utm_medium=email&utm_campaign=mypeachedit_account

-----------------------------------------------------
Peach Aviation 주식회사 ( www.flypeach.com )

사이트 이용 규약
https://www.flypeach.com/kr/corporate/termsandconditions.aspx?utm_source=mypeach_edit_account&utm_medium=email&utm_campaign=mypeachedit_account

개인정보 보호 방침
https://www.flypeach.com/kr/corporate/privacypolicy.aspx?utm_source=mypeach_edit_account&utm_medium=email&utm_campaign=mypeachedit_account
-----------------------------------------------------
Copyright (C) Peach Aviation Limited"
ham,"출발 언어
영어
도착 언어
한국어번역하기
  ENDS MAY 24
50% off
Prepare for a new career with guided career paths, technical interview prep, and more. Now through May 24, get 50% off an annual membership to Codecademy Pro. Just enter code MAY2023 at checkout.
  Join Pro
        *50% discount offer is valid from May 15, 2023, at 12:00:00 am Eastern Standard Time (“EST”) and ends at 11:59:59 pm EST on May 24, 2023. Discount is only applicable to new annual subscription plans (excluding Plus and Pro Student plans), and cannot be combined with any other offer or used for any Codecademy for Business plans. Discount applies to the first year of a new subscription, after which the subscription will auto-renew for subsequent years at the regular price. Code valid one time only. Discount applies to certain products and not all products are available in all countries. Discount is not applicable to taxes. Codecademy reserves the right to modify or cancel this promotion at any time without notice. Any subscription plan purchases are subject to Codecademy’s Terms of Service.
View Web Version | Email Preferences | Unsubscribe | Privacy Policy
Copyright Codecademy. All rights reserved.
600 Broadway, 2nd Floor, New York City, NY 10012"
sham,"주의
스팸 분류 이유 : 스팸 필터에 의한 자동 차단
주의
피해를 줄 수 있는 이미지, 악성 코드를 포함할 수 있는 링크를 표시하지 않습니다.이미지, 링크 표시하기
출발 언어
일본어
도착 언어
한국어번역하기
平素よりETC利用照?サ?ビスをご利用いただき、誠にありがとうございますこのメ?ルは、ETC利用照?サ?ビス(登?型)にご登?されていて、長い間にログインのない方にお送りしています。
お客?のユ?ザ?IDは、解約予定日までにログイン及び個人情報の更新をいただけないと登?が解約となります。
※ETC利用照?サ?ピス(登?型)は450日間ログインがない。ユ?ザ?IDの登?が自動的に解約となります。
 【ユ?ザ?ID】
  woow0708@naver.com
 【解約予定日】
  2023年5月19日
解約予定日までに下記のURLから本サ?ビスにログイン及び個人情報の更新をいただきますと、ご登?は??されます。
■ https://www2.etc-meisai.jp/web/action?code=77523872
なお、登?が自動に解約となりました場合も、再度登?いただければご利用いただけます。
※このメ?ルは送信?用です。
   このアドレスに送信いただいても返信いたしかねますので、あらかじめご了承願います。

※本メ?ルに心?たりがない場合は、速やかに削除お願いいたします。"
spam,"주의
이 메일은 [2imeds.com]을 통해 발송된 메일이 아닙니다.
보낸 사람의 주소가 실제 발송 주소와 다를 수 있으니 주의하시기 바랍니다.자세히 보기
주의
스팸 분류 이유 : 스팸 필터에 의한 자동 차단
주의
피해를 줄 수 있는 이미지, 악성 코드를 포함할 수 있는 링크를 표시하지 않습니다.이미지, 링크 표시하기
출발 언어
영어
도착 언어
한국어번역하기
  Turn $1 into $512!
Hello there! Are you ready to see your dreams turn into reality?
InTG Blockchain has an exciting opportunity that lets you earn up to 800% of what you take place in block, turning a humble $1 into $512.
Our innovative structure is second to none, and our project is available in 22 languages, making it accessible to a global audience.
We take pride in our team of experts who have developed revolutionary blockchain technology that offers unparalleled security and transparency.
You can invest your money with us without any worries - we've got you covered.
With our generous returns, the potential for wealth creation is virtually endless.
No matter where you are located, be it North America, Europe, Asia or anywhere else in the world, you can join us from the comfort of your own home.
All you need to do is visit our bot at Telegram @inTGBlockchain_BOT  to start your journey towards financial freedom today!
  Seize the opportunity to grow your wealth exponentially. Join InTG Blockchain  now and witness for yourself how anything is possible with us.
 
Step 1. Enter the bot and click the start button.
Step 2. Go to the profile and top up the balance with any cryptocurrency for $1.
Step 3. Buy a block for $1.
Step 4. Wait for 2 days and receive 800% profit, as the balance is already $8.
Step 5. Buy 3 blocks for $1 and one block for $5.
Step 6. After 2 days, our balance is already $64.
Step 7. Buy 4 blocks for $1, 4 blocks for $5, and 4 blocks for $10, and wait for 2 days again.
Step 8. Enjoy - our balance is now $512, which we can instantly transfer to our crypto wallet."
ham,"경쟁력 있는 제품은 비즈니스 성과를 만드는 핵심 요소입니다. 경쟁력 있는 제품이란, 소비자가 원하는 기능과 속성을 갖추고 소비자가 수용할 수 있는 가격에 판매되는 제품을 말합니다.

여기서 더 나아가 재구매까지 유도할 수 있을 때, 제품의 경쟁력은 지속할 수 있습니다. 소비자가 다시 찾지 않는 제품은 결국 시장에서 생명력을 잃기 때문입니다. 식료품처럼 구매 주기가 짧은 제품은 물론, 자동차나 대형 가전 등 구매 주기가 긴 제품도 마찬가지죠.

'다시 사고 싶은' 제품 경험을 만드는 것이 바로 PX(Product eXperience) 관리의 영역입니다. 5월 오픈클래스에서는 재구매를 이끌어 내는 제품 경험의 핵심 요소와 성공적인 PX 관리를 위한 데이터 기반 의사결정 방법에 관해 이야기합니다.
오픈클래스 사전 등록

이런 점이 궁금하셨다면 이번 오픈클래스에 등록하세요
제품 경험(PX)과 사용자 경험(UX)는 무엇이 다를까?
가격 vs. 기능, 재구매에 영향을 미치는 요소는 무엇일까?
재구매를 이끌어 내는 제품 전략 수립, 어디서부터 시작하는 것이 좋을까?

오픈클래스 미리보기
오픈클래스 | 2023년 5월 24일(수) 14:00 ~ 15:20
주제별로 개념 및 문제 정의, 문제 해결을 위한 프로세스를 다룹니다.
제품 경험(Product eXperience)이란?
Part2. 제품 경험 개선을 위한 의사결정 프로세스
Part3. 제품 경험 데이터 수집 및 측정 방법
Part4. Q&A
오픈클래스 실전노트 | 2023년 5월 31일(수) 14:00 ~ 15:20
주제에 관한 다양한 사례를 소개하고 실습을 진행합니다. 또한 사전에 남겨주신 질문에 상세한 답변을 드릴 예정입니다.
Part1. 실습 과제 풀이
Part2. 산업군별 제품 경험 관리 사례
Part3. Q&A
오픈클래스 안내
본 세션은 사전 등록하신 분들을 대상으로 진행됩니다. 세션 전날 등록이 마감되며, 마감 이후 추가 등록은 어렵습니다.
안내 사항은 등록하신 이메일로 전달됩니다. 접속 링크를 받지 못했다면 오픈서베이 팀에게 말씀해주세요.
문의: openclass@opensurvey.co.kr
?? 관련 아티클 읽어보기
?? 다시보기 영상 시청하기
  오픈서베이 팀
openclass@opensurvey.co.kr

오픈서베이 메일을 더 이상 받아보고 싶지 않으시다면 여기를 클릭해주세요.
If you don't want to receive this e-mail, Please click here.
*수신거부 시 뉴스레터 및 오픈클래스 교육 정보를 포함한 모든 오픈서베이 메일을 받아보실 수 없습니다.


(주)오픈서베이 | 02-2070-2164 | 서울특별시 강남구 강남대로84길 13 KR타워 12~15층
?Opensurvey Inc.
 "
ham,"  여성 남성 잡화/슈즈 골프/스포츠 아울렛
    LFmall 앱 다운로드
앱 다운로드 후 특별한 혜택을 누려보세요!
상품가격은 메일 오픈 시점 및 당사 사정에 따라 변경 될 수 있습니다.
본 메일은 회원님의 메일 수신 동의하에 발송 되었습니다.
이메일 수신을 더 이상 원하지 않으시는 회원님은 수신거부 를 클릭해 주시기 바랍니다. 단, 시스템 적용으로 2~3일 소요될 수 있으므로, 수신거부일로 부터 2~3일내에 메일이 발송된 경우 양해 부탁드립니다.
If you don't want to receive this e-mail anymore, Please click here.
본 메일은 발신전용 메일 입니다. 문의는 고객센터를 이용해 주세요.
사업자등록번호 : 211-87-87724 I 통신판매업신고 : 제 2010-서울강남-00066호 I 개인정보 보호책임자 : 강승훈 I 청소년 보호책임자 : 이재익 I 대표전화: 1544-5114 I 팩스: 031-360-0004 서울 강남구 언주로 870 (주)LF 대표이사 오규식, 온라인사업총괄 도한준
COPYRIGHT? (주)LF. ALL RIGHTS RESERVED."
spam,"주의
스팸 분류 이유 : 스팸 필터에 의한 자동 차단
주의
피해를 줄 수 있는 이미지, 악성 코드를 포함할 수 있는 링크를 표시하지 않습니다.이미지, 링크 표시하기
To view this email as a web page, go here.
23년, 더욱 새로워진 멤버스위크를 만나보세요
이번 멤버스 위크는
최초로 온/오프라인 통합되어 운영됩니다.

온/오프라인에서 통합으로 운영되는
등급 부스팅부터 등급별 래플까지!
5월 19일부터 진행되는
다양한 헤택을 지금 바로 만나보세요!
멤버스위크 바로가기
멤버스위크 바로가기
해당 메일은 뉴발란스 마케팅 정보 동의에 따라 발송되었습니다.
*수신거부 > 마이페이지 "
ham,"  여성 남성 잡화/슈즈 골프/스포츠 아울렛
    LFmall 앱 다운로드
앱 다운로드 후 특별한 혜택을 누려보세요!
상품가격은 메일 오픈 시점 및 당사 사정에 따라 변경 될 수 있습니다.
본 메일은 회원님의 메일 수신 동의하에 발송 되었습니다.
이메일 수신을 더 이상 원하지 않으시는 회원님은 수신거부 를 클릭해 주시기 바랍니다. 단, 시스템 적용으로 2~3일 소요될 수 있으므로, 수신거부일로 부터 2~3일내에 메일이 발송된 경우 양해 부탁드립니다.
If you don't want to receive this e-mail anymore, Please click here.
본 메일은 발신전용 메일 입니다. 문의는 고객센터를 이용해 주세요.
사업자등록번호 : 211-87-87724 I 통신판매업신고 : 제 2010-서울강남-00066호 I 개인정보 보호책임자 : 강승훈 I 청소년 보호책임자 : 이재익 I 대표전화: 1544-5114 I 팩스: 031-360-0004 서울 강남구 언주로 870 (주)LF 대표이사 오규식, 온라인사업총괄 도한준
COPYRIGHT? (주)LF. ALL RIGHTS RESERVED."
spam,"주의
스팸 분류 이유 : 스팸 필터에 의한 자동 차단
주의
피해를 줄 수 있는 이미지, 악성 코드를 포함할 수 있는 링크를 표시하지 않습니다.이미지, 링크 표시하기
출발 언어
일본어
도착 언어
한국어번역하기
セゾンカ?ドをご利用いただき、?ニありガとうございます。
?社では、犯罪收益移??防法ニ基づき、お取引を行う目的等を??させテいただいテおります。また、この度のご案?は、?社ご利用??第9?1?7ニ基づくご依?となりま
す。
お客?お客?の直接近の取引いついくつかのご??ガございます、下?のリンクをアクズスし、ご回?ください。
お取引??
※定期?ご??いただけない?合、口座取引を一部分制限させテいただきます。※回答ガ完了しますと、通常どおりログイン后のお手?きガ可能ります
。
お客?のご返信?容を??后、利用制限の解除を??させテいただきますので、できる限制り??のご回答ください。
?????????????????????? ??????-
?行者
株式?社kuレドイゾン
※??番?をよくお??かめのうえ、お?け??いのないようご注意ください。
※携??等からも、通?料无料でご利用いただけます。
※IP??等、一部分ご利用いただけない?合ガあります。"
ham,"전체 멤버 메일
호카, 라코스테, 24/7, 도프제이슨, 제로그램, 크리스틴, 직구 등
눈독 들였던 호카, 득템할 기회가 왔어요
https://bit.ly/3pKWKhu

현재 난리난 서울 남산 근황, 라코스테
https://bit.ly/3Iq6MeF

이렇게만 입어도 여름룩 평타 이상 24/7
https://bit.ly/42PVXuq

제로그램 경량 백팩 테스터 20인 모집
https://bit.ly/435s1uB

크리스틴 살만 샌들 10인 모집
https://bit.ly/42RPxuG

도프제이슨 23 여름 아이템 테스터 20인
https://bit.ly/45cZrZv

요즘 핫한 시계 다 있어요. 티쏘 첫 부티크 오픈
https://bit.ly/3OqaUPA


이벳필드 USA 라인 공개 https://bit.ly/45fS83d
휴고보스 코리아 스타일 https://bit.ly/3Ip6q7L
스파오 반팔 니트 https://bit.ly/3IN0gij


24S -30%코드 FIRST30
https://bit.ly/2ISdavQ

SSENSE -정기세일 50%
https://bit.ly/3Ntdfpn

매치스 -정기세일 50%
https://bit.ly/2JKhVuQ

파페치 -50% 정기세일
https://bit.ly/3ZMVrex

컬티즘 -25% 코드 FLASH
https://bit.ly/2TNfMRY

마이테레사 -15%코드 FIRST15
https://bit.ly/41iy2D0

엔드클로딩 -미드시즌 60%
https://bit.ly/337pjYi

LN-CC -50%
https://bit.ly/3CWtVDp

미스터포터 -10% MRP10THX
https://bit.ly/3FZjOOK
●디젤매니아● 대한민국 일등 패션 커뮤니티 디매인 DMAIN 드림
https://cafe.naver.com/dieselmania
본 메일은 발신전용 입니다. 네이버 서비스관련 궁금하신 사항은 네이버 고객센터에서 확인해주세요.
Copyright ⓒ NAVER Corp. All Rights Reserved."
ham,"취준생 으에에에에엑님을 위한
??오늘의 링커리어 뉴스레터 순서??

1. ??인기 하계 인턴 채용 TOP 5
     ""KOICA 外 하계 인턴 채용 리스트""
2. ??링커리어 합격후기
     ""코이카 필수 자격증 2가지""
     ""LG 인턴의 특별한 하루 일과.jpg""
3. ??오늘의 취준 트렌드
     ""연봉 1억 도달 빠른 직군 TOP3""
4. ??링커리어 인기글
     ""대기업 vs 중소기업 연봉인상률""
     ""집 가기 싫어지는 오늘의집 사옥""
5. ??링커리어에 직접 소식 올린 기업들
     ""수료하고 바로 인턴 3개월""
     ""문과생, 1달만에 블록체인 입문하기""
??여름방학 2개월만 인턴하세요!
[KOICA] 체험형 인턴 (~5/24)
지원하기
??찐 대기업 체험형 인턴
[LG생활건강] 소셜크루 (~5/22)
지원하기
??총 300명 뽑는 중!
[IBK기업은행] 체험형 인턴 (~5/24)
지원하기
??재학생만 뽑아요! 문/이과 총 14개직무!
[현대자동차] NextGen 인턴십 (~5/31)
지원하기
??주 3회 재택하세요!
[오늘의집] 브랜드마케팅 인턴 (~5/21)
지원하기
??코이카 필수 자격증 2가지

 현재 5월 24일까지 코이카 인턴을 모집하고 있는 거 다들 알고 있어?!
인턴 활동 수료만 하면 코이카 신입 채용 시 가점을 준다고 하니 얼른 지원 ㄱ ㄱ!

 오늘은 22년 상반기 코이카 인턴에 합격한 선배의 꿀팁을 가져왔어?
첫번째. 토익과 제2외국어 자격증은 필수임!
두번째로 인종차별 당한 경험을 “교육의 불평등” 문제와 엮어서 자소서를 작성했다고 해??
인종 차별을 하는 이유가 교육을 못 받아서 아닐까라는 생각에서 비롯됐다는데 대단하지?!

 그런데.. 역대급으로 엄숙한 분위기로 진행되었다는 코이카 면접!
생생한 코이카의 면접 현장이 궁금하다면 여기로 들어와?

KOICA 합격 후기
??LG 인턴의 특별한 하루 일과.jpg

 LG 생활건강에서 디지털컨텐츠 소셜크루 인턴을 모집하고 있어!
SNS 채널 운영, 브랜드 컨텐츠 기획 및 제작 등의 일을 한다는 LG 소셜 크루!

 오늘은 LG 소셜크루로 활동했던 선배의 활동 후기를 가져왔어!
선배 피셜 합격 꿀팁은 “LG생활건강의 SNS 채널은 전부 보고 분석하라”는 것??

 또 인턴을 하면서는 주로 사진 촬영을 하러 서울 곳곳을 다녔다고 해~
파주 신세계 아울렛으로 외근을 가기도 했다고..??

선배가 특별히 공개한 LG 생활건강의 역대급 구내식당!!
역대급 퀄리티 구내식당과 대기업 인턴의 하루 일과가 궁금하면 여기로 들어와??

LG소셜크루 합격 후기
??연봉 1억 도달 빠른 직군 TOP3

 안녕 으에에에에엑님! 으에에에에엑님은 연봉 얼마 받고 싶어?
우리 모두가 다 원하는 연봉 1억..!? ??
내 직무는 몇 년차에 1억되는지 궁금하지? ??
오늘은 링커리어가 연봉 1억 도달 빠른 직군을 알려줄게!

 먼저 TOP 3 부터 알려줄게!
3위는 컨설턴트 직무로 11.7년차에 연봉 1억 된대!
2위는 소프트웨어 엔지니어로 10년만 일하면 된대~
역시 개발직은 초봉부터 높으니까 예상했어…??

 '이 직업'은 개발자보다도 빠르게, 10년도 안돼서 연봉 1억을 찍는다는데!
마지막 1위와 하위 TOP 3 직무가 궁금하면
여기를 클릭해서 확인해봐 ??

연봉 1억 도달 빠른 직군 TOP3
??대기업 vs 중소기업 연봉인상률
??집 가기 싫어지는 오늘의집 사옥
??수료하고 바로 인턴 3개월
??문과생, 1달만에 블록체인 입문하기

??오늘의 링커리어 뉴스레터는 어땠나요?
후기를 남겨주세요!??

(주)링커리어
linkareer_cs@specupad.com
서울특별시 강남구 역삼로 114 070
수신거부 누르면 슬프겠지만 보내드릴게요 つ?⊂"
ham,"첨부 1개
전체 용량
119KB
첨부 파일 펼침
모두저장
이미지로 보기
주의
파일 저장 시 바이러스 검사 자동 수행
securityMail
.html
119.1KB
기한일
제한없음
다운로드
MYBOX 저장
삭제
토스뱅크 금융거래정보 제공내역 안내
우승우님, 안녕하세요. 토스뱅크를 이용해 주셔서 감사합니다.
고객님께서 거래하신 금융거래정보에 관하여 「금융실명거래 및 비밀보장에 관한 법률」 제4조의2에 의거 고객님의 금융거래정보 제공내역을 아래와 같이 안내드립니다.

1. 사용 목적 : 고객님의 핀테크 서비스 이용
2. 제공 근거 : 금융실명거래 및 비밀보장에 관한 법률 제4조의 2
3. 제공 내용 : 금융거래정보 제공내역

첨부된 파일을 다운로드 하여 확인해주세요.
감사합니다.
토스뱅크 드림.
보안 메일은 PC에서 열어주세요
? 보안메일은 암호가 첨부된 파일로 일부 메일 프로그램, 모바일 기기에서는 내용을 확인할 수 없습니다.
? 생년월일 6자리를 입력하시면 내용을 확인하실 수 있습니다.
? 다운로드 하지 않고, 보안 메일을 직접 클릭하는 경우 보안 프로그램을 설치해야 내용을 확인할 수 있습니다.
보안 메일 다운로드 받기
이메일에 첨부된 securityMail.html 파일을 다운로드 해주세요.
파일 열기
다운로드한 보안 메일 파일을 열어주세요.
보안 메일 번호 입력하기
개인고객은 생년월일 6자리, 법인고객은 사업자번호 10자리를 입력해주세요.
토스뱅크 서울 강남구 테헤란로 131, 13층 | 홈페이지 tossbank.com
고객센터 1661-7654 | 사업자등록번호 462-86-01671
Copyright ⓒ Tossbank. All Rights Reserved"
ham,"2단계 인증 기능이
해지되었습니다.
안녕하세요. 으에에에에엑(woow****) 회원님.
2단계 인증 기능이 해지되어 해당 내역을 안내 드립니다.
해지 정보
해지 일시 2023-05-19(금) 23:24
해지 위치 내정보(네이버ID)>보안설정
인증 방법 비밀번호 확인
이제 로그인 시 인증 승인 단계 없이 아이디와 비밀번호 입력만으로 로그인이 완료됩니다.
보다 안전한 네이버 이용을 위해 2단계 인증 등 네이버에서 제공하는 보안 기능을 사용하시기 바랍니다
네이버를 이용해 주셔서 감사합니다.
더욱 편리한 서비스를 제공하기 위해 항상 최선을 다하겠습니다.
본 메일은 발신전용 입니다. 네이버 서비스관련 궁금하신 사항은 네이버 고객센터에서 확인해주세요.
Copyright ⓒ NAVER Corp. All Rights Reserved."
